dtg,stmid,sname,tcvmax,tctype,rlat,rlon,vmax,pmin,dir,spd,trkdir,trkspd,r34m,r34ne,r34se,r34sw,r34nw,r50m,r50ne,r50se,r50sw,r50nw,tccode,wncode,dirtype,posttype,roci,poci,alf,depth,rmax,tdo,
1944071306,l01.1944,9X-L01,TY,NN,19.6,291.4,30,NaN,318,13,318,13,NaN,NaN,NaN,NaN,NaN,NaN,NaN,NaN,NaN,NaN,TD,NW,B,B,NaN,NaN,NaN,NaN,NaN,NaN,
1944071312,l01.1944,9X-L01,TY,NN,20.7,290.5,30,NaN,318,13,318,13,NaN,NaN,NaN,NaN,NaN,NaN,NaN,NaN,NaN,NaN,TD,NW,B,B,NaN,NaN,NaN,NaN,NaN,NaN,
1944071318,l01.1944,9X-L01,TY,NN,21.5,289.6,30,NaN,318,13,318,13,NaN,NaN,NaN,NaN,NaN,NaN,NaN,NaN,NaN,NaN,TD,NW,B,B,NaN,NaN,NaN,NaN,NaN,NaN,
1944071400,01l.1944,UNNAMED,TY,NN,22.3,288.8,35,NaN,315,11,315,11,NaN,NaN,NaN,NaN,NaN,NaN,NaN,NaN,NaN,NaN,TS,NW,B,B,NaN,NaN,NaN,NaN,NaN,NaN,
1944071406,01l.1944,UNNAMED,TY,NN,23.1,288.0,35,NaN,317,11,317,11,NaN,NaN,NaN,NaN,NaN,NaN,NaN,NaN,NaN,NaN,TS,NW,B,B,NaN,NaN,NaN,NaN,NaN,NaN,
1944071412,01l.1944,UNNAMED,TY,NN,24.0,287.2,35,NaN,319,11,319,11,NaN,NaN,NaN,NaN,NaN,NaN,NaN,NaN,NaN,NaN,TS,NW,B,B,NaN,NaN,NaN,NaN,NaN,NaN,
1944071418,01l.1944,UNNAMED,TY,NN,25.1,286.5,40,NaN,326,12,326,12,NaN,NaN,NaN,NaN,NaN,NaN,NaN,NaN,NaN,NaN,TS,NW,B,B,NaN,NaN,NaN,NaN,NaN,NaN,
1944071500,01l.1944,UNNAMED,TY,NN,26.2,285.9,45,NaN,332,12,332,12,NaN,NaN,NaN,NaN,NaN,NaN,NaN,NaN,NaN,NaN,TS,NW,B,B,NaN,NaN,NaN,NaN,NaN,NaN,
1944071506,01l.1944,UNNAMED,TY,NN,27.4,285.4,50,NaN,337,13,337,13,NaN,NaN,NaN,NaN,NaN,NaN,NaN,NaN,NaN,NaN,TS,NW,B,B,NaN,NaN,NaN,NaN,NaN,NaN,
1944071512,01l.1944,UNNAMED,TY,NN,28.5,285.0,55,NaN,341,12,341,12,NaN,NaN,NaN,NaN,NaN,NaN,NaN,NaN,NaN,NaN,TS,NW,B,B,NaN,NaN,NaN,NaN,NaN,NaN,
1944071518,01l.1944,UNNAMED,TY,NN,29.4,284.7,55,NaN,343,10,343,10,NaN,NaN,NaN,NaN,NaN,NaN,NaN,NaN,NaN,NaN,TS,NW,B,B,NaN,NaN,NaN,NaN,NaN,NaN,
1944071600,01l.1944,UNNAMED,TY,NN,30.2,284.5,60,NaN,346,9,346,9,NaN,NaN,NaN,NaN,NaN,NaN,NaN,NaN,NaN,NaN,TS,NW,B,B,NaN,NaN,NaN,NaN,NaN,NaN,
1944071606,01l.1944,UNNAMED,TY,NN,30.9,284.4,65,NaN,350,8,350,8,NaN,NaN,NaN,NaN,NaN,NaN,NaN,NaN,NaN,NaN,TY,NW,B,B,NaN,NaN,NaN,NaN,NaN,NaN,
1944071612,01l.1944,UNNAMED,TY,NN,31.4,284.5,65,NaN,360,6,360,6,NaN,NaN,NaN,NaN,NaN,NaN,NaN,NaN,NaN,NaN,TY,NW,B,B,NaN,NaN,NaN,NaN,NaN,NaN,
1944071618,01l.1944,UNNAMED,TY,NN,31.8,284.8,65,NaN,21,5,21,5,NaN,NaN,NaN,NaN,NaN,NaN,NaN,NaN,NaN,NaN,TY,NW,B,B,NaN,NaN,NaN,NaN,NaN,NaN,
1944071700,01l.1944,UNNAMED,TY,NN,32.2,285.2,70,NaN,37,5,37,5,NaN,NaN,NaN,NaN,NaN,NaN,NaN,NaN,NaN,NaN,TY,NW,B,B,NaN,NaN,NaN,NaN,NaN,NaN,
1944071706,01l.1944,UNNAMED,TY,NN,32.5,285.7,70,NaN,47,5,47,5,NaN,NaN,NaN,NaN,NaN,NaN,NaN,NaN,NaN,NaN,TY,NW,B,B,NaN,NaN,NaN,NaN,NaN,NaN,
1944071712,01l.1944,UNNAMED,TY,NN,32.8,286.5,70,NaN,61,6,61,6,NaN,NaN,NaN,NaN,NaN,NaN,NaN,NaN,NaN,NaN,TY,NW,B,B,NaN,NaN,NaN,NaN,NaN,NaN,
1944071718,01l.1944,UNNAMED,TY,NN,33.1,287.4,70,NaN,67,8,67,8,NaN,NaN,NaN,NaN,NaN,NaN,NaN,NaN,NaN,NaN,TY,NW,B,B,NaN,NaN,NaN,NaN,NaN,NaN,
1944071800,01l.1944,UNNAMED,TY,NN,33.3,288.4,65,NaN,73,8,73,8,NaN,NaN,NaN,NaN,NaN,NaN,NaN,NaN,NaN,NaN,TY,NW,B,B,NaN,NaN,NaN,NaN,NaN,NaN,
1944071806,01l.1944,UNNAMED,TY,NN,33.6,289.4,65,NaN,73,9,73,9,NaN,NaN,NaN,NaN,NaN,NaN,NaN,NaN,NaN,NaN,TY,NW,B,B,NaN,NaN,NaN,NaN,NaN,NaN,
1944071812,01l.1944,UNNAMED,TY,NN,34.0,290.5,65,NaN,68,9,68,9,NaN,NaN,NaN,NaN,NaN,NaN,NaN,NaN,NaN,NaN,TY,NW,B,B,NaN,NaN,NaN,NaN,NaN,NaN,
1944071818,01l.1944,UNNAMED,TY,NN,35.0,292.0,60,NaN,57,13,57,13,NaN,NaN,NaN,NaN,NaN,NaN,NaN,NaN,NaN,NaN,TS,NW,B,B,NaN,NaN,NaN,NaN,NaN,NaN,
1944071900,01l.1944,UNNAMED,TY,NN,36.5,294.5,60,NaN,53,21,53,21,NaN,NaN,NaN,NaN,NaN,NaN,NaN,NaN,NaN,NaN,TS,NW,B,B,NaN,NaN,NaN,NaN,NaN,NaN,
1944071906,01l.1944,UNNAMED,TY,NN,38.2,297.8,60,NaN,55,28,55,28,NaN,NaN,NaN,NaN,NaN,NaN,NaN,NaN,NaN,NaN,TS,NW,B,B,NaN,NaN,NaN,NaN,NaN,NaN,
1944071912,01l.1944,UNNAMED,TY,NN,40.2,301.8,60,NaN,57,34,57,34,NaN,NaN,NaN,NaN,NaN,NaN,NaN,NaN,NaN,NaN,TS,NW,B,B,NaN,NaN,NaN,NaN,NaN,NaN,
1944071918,01l.1944,UNNAMED,TY,NN,42.2,306.0,50,NaN,57,37,57,37,NaN,NaN,NaN,NaN,NaN,NaN,NaN,NaN,NaN,NaN,TS,NW,B,B,NaN,NaN,NaN,NaN,NaN,NaN,
1944072000,01l.1944,UNNAMED,TY,NN,44.2,310.2,45,NaN,57,37,57,37,NaN,NaN,NaN,NaN,NaN,NaN,NaN,NaN,NaN,NaN,TS,NW,B,B,NaN,NaN,NaN,NaN,NaN,NaN,
1944072406,02l.1944,UNNAMED,TS,NN,13.4,303.4,35,NaN,279,19,279,19,NaN,NaN,NaN,NaN,NaN,NaN,NaN,NaN,NaN,NaN,TS,NW,B,B,NaN,NaN,NaN,NaN,NaN,NaN,
1944072412,02l.1944,UNNAMED,TS,NN,13.7,301.6,40,NaN,279,19,279,19,NaN,NaN,NaN,NaN,NaN,NaN,NaN,NaN,NaN,NaN,TS,NW,B,B,NaN,NaN,NaN,NaN,NaN,NaN,
1944072418,02l.1944,UNNAMED,TS,NN,14.0,299.6,45,NaN,279,19,279,19,NaN,NaN,NaN,NaN,NaN,NaN,NaN,NaN,NaN,NaN,TS,NW,B,B,NaN,NaN,0.05,NaN,NaN,NaN,
1944072500,02l.1944,UNNAMED,TS,NN,14.3,297.8,50,NaN,279,19,279,19,NaN,NaN,NaN,NaN,NaN,NaN,NaN,NaN,NaN,NaN,TS,NW,B,B,NaN,NaN,NaN,NaN,NaN,NaN,
1944072506,02l.1944,UNNAMED,TS,NN,14.7,296.1,55,NaN,282,17,282,17,NaN,NaN,NaN,NaN,NaN,NaN,NaN,NaN,NaN,NaN,TS,NW,B,B,NaN,NaN,NaN,NaN,NaN,NaN,
1944072512,02l.1944,UNNAMED,TS,NN,15.1,294.4,55,NaN,284,17,284,17,NaN,NaN,NaN,NaN,NaN,NaN,NaN,NaN,NaN,NaN,TS,NW,B,B,NaN,NaN,NaN,NaN,NaN,NaN,
1944072518,02l.1944,UNNAMED,TS,NN,15.6,292.7,55,NaN,285,17,285,17,NaN,NaN,NaN,NaN,NaN,NaN,NaN,NaN,NaN,NaN,TS,NW,B,B,NaN,NaN,NaN,NaN,NaN,NaN,
1944072600,02l.1944,UNNAMED,TS,NN,16.1,291.0,55,NaN,287,17,287,17,NaN,NaN,NaN,NaN,NaN,NaN,NaN,NaN,NaN,NaN,TS,NW,B,B,NaN,NaN,NaN,NaN,NaN,NaN,
1944072606,02l.1944,UNNAMED,TS,NN,16.4,289.3,55,NaN,284,17,284,17,NaN,NaN,NaN,NaN,NaN,NaN,NaN,NaN,NaN,NaN,TS,NW,B,B,NaN,NaN,NaN,NaN,NaN,NaN,
1944072612,02l.1944,UNNAMED,TS,NN,16.6,287.5,55,NaN,278,17,278,17,NaN,NaN,NaN,NaN,NaN,NaN,NaN,NaN,NaN,NaN,TS,NW,B,B,NaN,NaN,NaN,NaN,NaN,NaN,
1944072618,02l.1944,UNNAMED,TS,NN,16.6,285.6,50,NaN,273,18,273,18,NaN,NaN,NaN,NaN,NaN,NaN,NaN,NaN,NaN,NaN,TS,NW,B,B,NaN,NaN,NaN,NaN,NaN,NaN,
1944072700,02l.1944,UNNAMED,TS,NN,16.6,283.6,45,NaN,270,19,270,19,NaN,NaN,NaN,NaN,NaN,NaN,NaN,NaN,NaN,NaN,TS,NW,B,B,NaN,NaN,NaN,NaN,NaN,NaN,
1944072706,02l.1944,UNNAMED,TS,NN,16.8,281.7,35,NaN,273,19,273,19,NaN,NaN,NaN,NaN,NaN,NaN,NaN,NaN,NaN,NaN,TS,NW,B,B,NaN,NaN,NaN,NaN,NaN,NaN,
1944072712,02l.1944,UNNAMED,TS,NN,17.0,280.0,30,NaN,277,17,277,17,NaN,NaN,NaN,NaN,NaN,NaN,NaN,NaN,NaN,NaN,TD,NW,B,B,NaN,NaN,NaN,NaN,NaN,NaN,
1944072718,02l.1944,UNNAMED,TS,NN,17.2,278.4,25,NaN,277,16,277,16,NaN,NaN,NaN,NaN,NaN,NaN,NaN,NaN,NaN,NaN,TD,NW,B,B,NaN,NaN,NaN,NaN,NaN,NaN,
1944073012,03l.1944,UNNAMED,TY,NN,21.5,291.0,35,NaN,303,18,303,18,NaN,NaN,NaN,NaN,NaN,NaN,NaN,NaN,NaN,NaN,TS,NW,B,B,NaN,NaN,NaN,NaN,NaN,NaN,
1944073018,03l.1944,UNNAMED,TY,NN,22.5,289.5,40,NaN,303,18,303,18,NaN,NaN,NaN,NaN,NaN,NaN,NaN,NaN,NaN,NaN,TS,NW,B,B,NaN,NaN,NaN,NaN,NaN,NaN,
1944073100,03l.1944,UNNAMED,TY,NN,23.4,287.8,45,NaN,303,18,303,18,NaN,NaN,NaN,NaN,NaN,NaN,NaN,NaN,NaN,NaN,TS,NW,B,B,NaN,NaN,NaN,NaN,NaN,NaN,
1944073106,03l.1944,UNNAMED,TY,NN,24.3,286.2,50,NaN,301,18,301,18,NaN,NaN,NaN,NaN,NaN,NaN,NaN,NaN,NaN,NaN,TS,NW,B,B,NaN,NaN,NaN,NaN,NaN,NaN,
1944073112,03l.1944,UNNAMED,TY,NN,26.2,284.8,55,NaN,316,20,316,20,NaN,NaN,NaN,NaN,NaN,NaN,NaN,NaN,NaN,NaN,TS,NW,B,B,NaN,NaN,NaN,NaN,NaN,NaN,
1944073118,03l.1944,UNNAMED,TY,NN,27.2,283.9,60,NaN,324,18,324,18,NaN,NaN,NaN,NaN,NaN,NaN,NaN,NaN,NaN,NaN,TS,NW,B,B,NaN,NaN,NaN,NaN,NaN,NaN,
1944080100,03l.1944,UNNAMED,TY,NN,28.2,283.3,65,NaN,326,12,326,12,NaN,NaN,NaN,NaN,NaN,NaN,NaN,NaN,NaN,NaN,TY,NW,B,B,NaN,NaN,NaN,NaN,NaN,NaN,
1944080106,03l.1944,UNNAMED,TY,NN,29.3,282.8,65,NaN,335,12,335,12,NaN,NaN,NaN,NaN,NaN,NaN,NaN,NaN,NaN,NaN,TY,NW,B,B,NaN,NaN,NaN,NaN,NaN,NaN,
1944080112,03l.1944,UNNAMED,TY,NN,30.5,282.3,70,NaN,339,12,339,12,NaN,NaN,NaN,NaN,NaN,NaN,NaN,NaN,NaN,NaN,TY,NW,B,B,NaN,NaN,NaN,NaN,NaN,NaN,
1944080118,03l.1944,UNNAMED,TY,NN,32.0,282.0,70,NaN,346,14,346,14,NaN,NaN,NaN,NaN,NaN,NaN,NaN,NaN,NaN,NaN,TY,NW,B,B,NaN,NaN,NaN,NaN,NaN,NaN,
1944080200,03l.1944,UNNAMED,TY,NN,34.1,281.8,60,985,353,18,353,18,NaN,NaN,NaN,NaN,NaN,NaN,NaN,NaN,NaN,NaN,TS,NW,B,B,NaN,NaN,0.41,NaN,NaN,NaN,
1944080206,03l.1944,UNNAMED,TY,NN,35.7,281.8,45,NaN,357,19,357,19,NaN,NaN,NaN,NaN,NaN,NaN,NaN,NaN,NaN,NaN,TS,NW,B,B,NaN,NaN,0.99,NaN,NaN,NaN,
1944080212,03l.1944,UNNAMED,TY,NN,36.9,282.0,35,NaN,3,14,3,14,NaN,NaN,NaN,NaN,NaN,NaN,NaN,NaN,NaN,NaN,TS,NW,B,B,NaN,NaN,0.97,NaN,NaN,NaN,
1944080218,03l.1944,UNNAMED,TY,NN,37.8,282.6,35,NaN,17,11,17,11,NaN,NaN,NaN,NaN,NaN,NaN,NaN,NaN,NaN,NaN,TS,NW,B,B,NaN,NaN,0.98,NaN,NaN,NaN,
1944080300,03l.1944,UNNAMED,TY,NN,38.5,283.8,35,NaN,42,11,42,11,NaN,NaN,NaN,NaN,NaN,NaN,NaN,NaN,NaN,NaN,TS,NW,B,B,NaN,NaN,0.60,NaN,NaN,NaN,
1944080306,03l.1944,UNNAMED,TY,NN,39.2,285.5,35,NaN,58,13,58,13,NaN,NaN,NaN,NaN,NaN,NaN,NaN,NaN,NaN,NaN,TS,NW,B,B,NaN,NaN,0.19,NaN,NaN,NaN,
1944080312,03l.1944,UNNAMED,TY,NN,39.8,287.2,35,NaN,64,15,64,15,NaN,NaN,NaN,NaN,NaN,NaN,NaN,NaN,NaN,NaN,TS,NW,B,B,NaN,NaN,NaN,NaN,NaN,NaN,
1944080318,03l.1944,UNNAMED,TY,NN,40.3,289.0,35,NaN,68,15,68,15,NaN,NaN,NaN,NaN,NaN,NaN,NaN,NaN,NaN,NaN,TS,NW,B,B,NaN,NaN,NaN,NaN,NaN,NaN,
1944080400,03l.1944,UNNAMED,TY,NN,40.8,290.6,30,NaN,69,14,69,14,NaN,NaN,NaN,NaN,NaN,NaN,NaN,NaN,NaN,NaN,TD,NW,B,B,NaN,NaN,NaN,NaN,NaN,NaN,
1944080406,03l.1944,UNNAMED,TY,NN,41.3,292.1,30,NaN,67,13,67,13,NaN,NaN,NaN,NaN,NaN,NaN,NaN,NaN,NaN,NaN,TD,NW,B,B,NaN,NaN,NaN,NaN,NaN,NaN,
1944081618,04l.1944,UNNAMED,TY,NN,12.1,300.5,50,NaN,276,10,276,10,NaN,NaN,NaN,NaN,NaN,NaN,NaN,NaN,NaN,NaN,TS,NW,B,B,NaN,NaN,NaN,NaN,NaN,NaN,
1944081700,04l.1944,UNNAMED,TY,NN,12.1,299.5,60,NaN,276,10,276,10,NaN,NaN,NaN,NaN,NaN,NaN,NaN,NaN,NaN,NaN,TS,NW,B,B,NaN,NaN,NaN,NaN,NaN,NaN,
1944081706,04l.1944,UNNAMED,TY,NN,12.3,298.5,65,NaN,276,10,276,10,NaN,NaN,NaN,NaN,NaN,NaN,NaN,NaN,NaN,NaN,TY,NW,B,B,NaN,NaN,0.04,NaN,NaN,NaN,
1944081712,04l.1944,UNNAMED,TY,NN,12.7,297.5,70,NaN,287,10,287,10,NaN,NaN,NaN,NaN,NaN,NaN,NaN,NaN,NaN,NaN,TY,NW,B,B,NaN,NaN,NaN,NaN,NaN,NaN,
1944081718,04l.1944,UNNAMED,TY,NN,13.3,296.5,75,NaN,297,11,297,11,NaN,NaN,NaN,NaN,NaN,NaN,NaN,NaN,NaN,NaN,TY,NW,B,B,NaN,NaN,NaN,NaN,NaN,NaN,
1944081800,04l.1944,UNNAMED,TY,NN,14.0,295.5,80,NaN,304,12,304,12,NaN,NaN,NaN,NaN,NaN,NaN,NaN,NaN,NaN,NaN,TY,NW,B,B,NaN,NaN,NaN,NaN,NaN,NaN,
1944081806,04l.1944,UNNAMED,TY,NN,14.7,294.5,85,NaN,306,12,306,12,NaN,NaN,NaN,NaN,NaN,NaN,NaN,NaN,NaN,NaN,TY,NW,B,B,NaN,NaN,NaN,NaN,NaN,NaN,
1944081812,04l.1944,UNNAMED,TY,NN,15.2,293.4,90,973,301,12,301,12,NaN,NaN,NaN,NaN,NaN,NaN,NaN,NaN,NaN,NaN,TY,NW,B,B,NaN,NaN,NaN,NaN,NaN,NaN,
1944081818,04l.1944,UNNAMED,TY,NN,15.5,292.2,90,NaN,290,12,290,12,NaN,NaN,NaN,NaN,NaN,NaN,NaN,NaN,NaN,NaN,TY,NW,B,B,NaN,NaN,NaN,NaN,NaN,NaN,
1944081900,04l.1944,UNNAMED,TY,NN,15.7,291.0,90,NaN,282,12,282,12,NaN,NaN,NaN,NaN,NaN,NaN,NaN,NaN,NaN,NaN,TY,NW,B,B,NaN,NaN,NaN,NaN,NaN,NaN,
1944081906,04l.1944,UNNAMED,TY,NN,15.8,289.9,95,NaN,278,11,278,11,NaN,NaN,NaN,NaN,NaN,NaN,NaN,NaN,NaN,NaN,TY,NW,B,B,NaN,NaN,NaN,NaN,NaN,NaN,
1944081912,04l.1944,UNNAMED,TY,NN,15.9,288.8,100,NaN,275,11,275,11,NaN,NaN,NaN,NaN,NaN,NaN,NaN,NaN,NaN,NaN,TY,NW,B,B,NaN,NaN,NaN,NaN,NaN,NaN,
1944081918,04l.1944,UNNAMED,TY,NN,16.2,287.8,105,NaN,281,10,281,10,NaN,NaN,NaN,NaN,NaN,NaN,NaN,NaN,NaN,NaN,TY,NW,B,B,NaN,NaN,NaN,NaN,NaN,NaN,
1944082000,04l.1944,UNNAMED,TY,NN,16.7,286.8,105,NaN,293,10,293,10,NaN,NaN,NaN,NaN,NaN,NaN,NaN,NaN,NaN,NaN,TY,NW,B,B,NaN,NaN,NaN,NaN,NaN,NaN,
1944082006,04l.1944,UNNAMED,TY,NN,17.4,285.8,105,NaN,302,11,302,11,NaN,NaN,NaN,NaN,NaN,NaN,NaN,NaN,NaN,NaN,TY,NW,B,B,NaN,NaN,NaN,NaN,NaN,NaN,
1944082012,04l.1944,UNNAMED,TY,NN,17.9,284.7,105,NaN,301,12,301,12,NaN,NaN,NaN,NaN,NaN,NaN,NaN,NaN,NaN,NaN,TY,NW,B,B,NaN,NaN,NaN,NaN,NaN,NaN,
1944082018,04l.1944,UNNAMED,TY,NN,18.3,283.4,90,NaN,292,12,292,12,NaN,NaN,NaN,NaN,NaN,NaN,NaN,NaN,NaN,NaN,TY,NW,B,B,NaN,NaN,0.18,NaN,NaN,NaN,
1944082100,04l.1944,UNNAMED,TY,NN,18.6,281.8,75,NaN,284,14,284,14,NaN,NaN,NaN,NaN,NaN,NaN,NaN,NaN,NaN,NaN,TY,NW,B,B,NaN,NaN,0.32,NaN,NaN,NaN,
1944082106,04l.1944,UNNAMED,TY,NN,18.8,280.3,75,NaN,280,15,280,15,NaN,NaN,NaN,NaN,NaN,NaN,NaN,NaN,NaN,NaN,TY,NW,B,B,NaN,NaN,NaN,NaN,NaN,NaN,
1944082112,04l.1944,UNNAMED,TY,NN,19.0,278.9,75,NaN,278,14,278,14,NaN,NaN,NaN,NaN,NaN,NaN,NaN,NaN,NaN,NaN,TY,NW,B,B,NaN,NaN,0.02,NaN,NaN,NaN,
1944082118,04l.1944,UNNAMED,TY,NN,19.2,277.3,75,NaN,278,14,278,14,NaN,NaN,NaN,NaN,NaN,NaN,NaN,NaN,NaN,NaN,TY,NW,B,B,NaN,NaN,NaN,NaN,NaN,NaN,
1944082200,04l.1944,UNNAMED,TY,NN,19.4,275.7,80,NaN,278,15,278,15,NaN,NaN,NaN,NaN,NaN,NaN,NaN,NaN,NaN,NaN,TY,NW,B,B,NaN,NaN,NaN,NaN,NaN,NaN,
1944082206,04l.1944,UNNAMED,TY,NN,19.7,274.0,80,NaN,279,16,279,16,NaN,NaN,NaN,NaN,NaN,NaN,NaN,NaN,NaN,NaN,TY,NW,B,B,NaN,NaN,NaN,NaN,NaN,NaN,
1944082212,04l.1944,UNNAMED,TY,NN,20.0,272.3,80,NaN,281,16,281,16,NaN,NaN,NaN,NaN,NaN,NaN,NaN,NaN,NaN,NaN,TY,NW,B,B,NaN,NaN,0.57,NaN,NaN,NaN,
1944082218,04l.1944,UNNAMED,TY,NN,20.2,270.7,65,NaN,279,16,279,16,NaN,NaN,NaN,NaN,NaN,NaN,NaN,NaN,NaN,NaN,TY,NW,B,B,NaN,NaN,1.00,NaN,NaN,NaN,
1944082300,04l.1944,UNNAMED,TY,NN,20.4,269.3,55,NaN,278,14,278,14,NaN,NaN,NaN,NaN,NaN,NaN,NaN,NaN,NaN,NaN,TS,NW,B,B,NaN,NaN,0.45,NaN,NaN,NaN,
1944082306,04l.1944,UNNAMED,TY,NN,20.6,268.0,50,NaN,279,13,279,13,NaN,NaN,NaN,NaN,NaN,NaN,NaN,NaN,NaN,NaN,TS,NW,B,B,NaN,NaN,NaN,NaN,NaN,NaN,
1944082312,04l.1944,UNNAMED,TY,NN,20.7,266.7,45,NaN,277,12,277,12,NaN,NaN,NaN,NaN,NaN,NaN,NaN,NaN,NaN,NaN,TS,NW,B,B,NaN,NaN,NaN,NaN,NaN,NaN,
1944082318,04l.1944,UNNAMED,TY,NN,20.8,265.4,45,NaN,275,12,275,12,NaN,NaN,NaN,NaN,NaN,NaN,NaN,NaN,NaN,NaN,TS,NW,B,B,NaN,NaN,NaN,NaN,NaN,NaN,
1944082400,04l.1944,UNNAMED,TY,NN,20.7,264.2,40,NaN,270,12,270,12,NaN,NaN,NaN,NaN,NaN,NaN,NaN,NaN,NaN,NaN,TS,NW,B,B,NaN,NaN,NaN,NaN,NaN,NaN,
1944082406,04l.1944,UNNAMED,TY,NN,20.6,263.0,35,NaN,265,11,265,11,NaN,NaN,NaN,NaN,NaN,NaN,NaN,NaN,NaN,NaN,TS,NW,B,B,NaN,NaN,0.51,NaN,NaN,NaN,
1944082412,04l.1944,UNNAMED,TY,NN,20.5,261.8,25,NaN,265,11,265,11,NaN,NaN,NaN,NaN,NaN,NaN,NaN,NaN,NaN,NaN,TD,NW,B,B,NaN,NaN,1.00,NaN,NaN,NaN,
1944081812,l05.1944,9X-L05,TS,NN,20.5,275.0,25,NaN,306,7,306,7,NaN,NaN,NaN,NaN,NaN,NaN,NaN,NaN,NaN,NaN,TD,NW,B,B,NaN,NaN,NaN,NaN,NaN,NaN,
1944081818,l05.1944,9X-L05,TS,NN,20.9,274.4,25,NaN,306,7,306,7,NaN,NaN,NaN,NaN,NaN,NaN,NaN,NaN,NaN,NaN,TD,NW,B,B,NaN,NaN,NaN,NaN,NaN,NaN,
1944081900,l05.1944,9X-L05,TS,NN,21.3,273.8,30,NaN,306,7,306,7,NaN,NaN,NaN,NaN,NaN,NaN,NaN,NaN,NaN,NaN,TD,NW,B,B,NaN,NaN,NaN,NaN,NaN,NaN,
1944081906,l05.1944,9X-L05,TS,NN,21.7,273.2,30,NaN,306,7,306,7,NaN,NaN,NaN,NaN,NaN,NaN,NaN,NaN,NaN,NaN,TD,NW,B,B,NaN,NaN,0.37,NaN,NaN,NaN,
1944081912,l05.1944,9X-L05,TS,NN,22.0,272.5,30,NaN,300,7,300,7,NaN,NaN,NaN,NaN,NaN,NaN,NaN,NaN,NaN,NaN,TD,NW,B,B,NaN,NaN,0.04,NaN,NaN,NaN,
1944081918,05l.1944,UNNAMED,TS,NN,22.3,271.7,35,NaN,293,8,293,8,NaN,NaN,NaN,NaN,NaN,NaN,NaN,NaN,NaN,NaN,TS,NW,B,B,NaN,NaN,NaN,NaN,NaN,NaN,
1944082000,05l.1944,UNNAMED,TS,NN,22.6,270.8,35,NaN,291,8,291,8,NaN,NaN,NaN,NaN,NaN,NaN,NaN,NaN,NaN,NaN,TS,NW,B,B,NaN,NaN,NaN,NaN,NaN,NaN,
1944082006,05l.1944,UNNAMED,TS,NN,22.9,269.9,40,NaN,290,9,290,9,NaN,NaN,NaN,NaN,NaN,NaN,NaN,NaN,NaN,NaN,TS,NW,B,B,NaN,NaN,NaN,NaN,NaN,NaN,
1944082012,05l.1944,UNNAMED,TS,NN,23.0,269.0,40,NaN,284,9,284,9,NaN,NaN,NaN,NaN,NaN,NaN,NaN,NaN,NaN,NaN,TS,NW,B,B,NaN,NaN,NaN,NaN,NaN,NaN,
1944082018,05l.1944,UNNAMED,TS,NN,23.0,268.1,45,NaN,273,8,273,8,NaN,NaN,NaN,NaN,NaN,NaN,NaN,NaN,NaN,NaN,TS,NW,B,B,NaN,NaN,NaN,NaN,NaN,NaN,
1944082100,05l.1944,UNNAMED,TS,NN,23.1,267.2,50,NaN,273,8,273,8,NaN,NaN,NaN,NaN,NaN,NaN,NaN,NaN,NaN,NaN,TS,NW,B,B,NaN,NaN,NaN,NaN,NaN,NaN,
1944082106,05l.1944,UNNAMED,TS,NN,23.3,266.3,50,NaN,280,8,280,8,NaN,NaN,NaN,NaN,NaN,NaN,NaN,NaN,NaN,NaN,TS,NW,B,B,NaN,NaN,NaN,NaN,NaN,NaN,
1944082112,05l.1944,UNNAMED,TS,NN,23.5,265.5,50,NaN,284,8,284,8,NaN,NaN,NaN,NaN,NaN,NaN,NaN,NaN,NaN,NaN,TS,NW,B,B,NaN,NaN,NaN,NaN,NaN,NaN,
1944082118,05l.1944,UNNAMED,TS,NN,23.8,264.8,50,NaN,290,7,290,7,NaN,NaN,NaN,NaN,NaN,NaN,NaN,NaN,NaN,NaN,TS,NW,B,B,NaN,NaN,NaN,NaN,NaN,NaN,
1944082200,05l.1944,UNNAMED,TS,NN,24.0,264.2,50,NaN,293,6,293,6,NaN,NaN,NaN,NaN,NaN,NaN,NaN,NaN,NaN,NaN,TS,NW,B,B,NaN,NaN,NaN,NaN,NaN,NaN,
1944082206,05l.1944,UNNAMED,TS,NN,24.3,263.6,50,NaN,295,6,295,6,NaN,NaN,NaN,NaN,NaN,NaN,NaN,NaN,NaN,NaN,TS,NW,B,B,NaN,NaN,NaN,NaN,NaN,NaN,
1944082212,05l.1944,UNNAMED,TS,NN,24.7,262.9,45,NaN,301,7,301,7,NaN,NaN,NaN,NaN,NaN,NaN,NaN,NaN,NaN,NaN,TS,NW,B,B,NaN,NaN,NaN,NaN,NaN,NaN,
1944082218,05l.1944,UNNAMED,TS,NN,25.0,262.2,45,NaN,299,7,299,7,NaN,NaN,NaN,NaN,NaN,NaN,NaN,NaN,NaN,NaN,TS,NW,B,B,NaN,NaN,0.79,NaN,NaN,NaN,
1944082300,05l.1944,UNNAMED,TS,NN,25.3,261.3,35,NaN,292,8,292,8,NaN,NaN,NaN,NaN,NaN,NaN,NaN,NaN,NaN,NaN,TS,NW,B,B,NaN,NaN,1.00,NaN,NaN,NaN,
1944082306,05l.1944,UNNAMED,TS,NN,25.6,260.2,25,NaN,288,10,288,10,NaN,NaN,NaN,NaN,NaN,NaN,NaN,NaN,NaN,NaN,TD,NW,B,B,NaN,NaN,1.00,NaN,NaN,NaN,
1944090900,l06.1944,9X-L06,TS,NN,25.0,265.0,25,NaN,17,8,17,8,NaN,NaN,NaN,NaN,NaN,NaN,NaN,NaN,NaN,NaN,TD,NW,B,B,NaN,NaN,NaN,NaN,NaN,NaN,
1944090906,l06.1944,9X-L06,TS,NN,25.8,265.2,30,NaN,17,8,17,8,NaN,NaN,NaN,NaN,NaN,NaN,NaN,NaN,NaN,NaN,TD,NW,B,B,NaN,NaN,NaN,NaN,NaN,NaN,
1944090912,06l.1944,UNNAMED,TS,NN,26.5,265.5,35,NaN,17,8,17,8,NaN,NaN,NaN,NaN,NaN,NaN,NaN,NaN,NaN,NaN,TS,NW,B,B,NaN,NaN,NaN,NaN,NaN,NaN,
1944090918,06l.1944,UNNAMED,TS,NN,27.0,265.9,40,NaN,28,7,28,7,NaN,NaN,NaN,NaN,NaN,NaN,NaN,NaN,NaN,NaN,TS,NW,B,B,NaN,NaN,NaN,NaN,NaN,NaN,
1944091000,06l.1944,UNNAMED,TS,NN,27.2,266.5,45,NaN,52,6,52,6,NaN,NaN,NaN,NaN,NaN,NaN,NaN,NaN,NaN,NaN,TS,NW,B,B,NaN,NaN,NaN,NaN,NaN,NaN,
1944091006,06l.1944,UNNAMED,TS,NN,27.7,267.4,45,NaN,62,8,62,8,NaN,NaN,NaN,NaN,NaN,NaN,NaN,NaN,NaN,NaN,TS,NW,B,B,NaN,NaN,NaN,NaN,NaN,NaN,
1944091012,06l.1944,UNNAMED,TS,NN,28.4,268.5,50,NaN,56,11,56,11,NaN,NaN,NaN,NaN,NaN,NaN,NaN,NaN,NaN,NaN,TS,NW,B,B,NaN,NaN,NaN,NaN,NaN,NaN,
1944091018,06l.1944,UNNAMED,TS,NN,29.1,270.4,55,992,62,15,62,15,NaN,NaN,NaN,NaN,NaN,NaN,NaN,NaN,NaN,NaN,TS,NW,B,B,NaN,NaN,0.14,NaN,NaN,NaN,
1944091100,06l.1944,UNNAMED,TS,NN,30.7,271.9,40,NaN,52,19,52,19,NaN,NaN,NaN,NaN,NaN,NaN,NaN,NaN,NaN,NaN,TS,NW,B,B,NaN,NaN,0.58,NaN,NaN,NaN,
1944091106,06l.1944,UNNAMED,TS,NN,31.4,273.0,30,NaN,44,16,44,16,NaN,NaN,NaN,NaN,NaN,NaN,NaN,NaN,NaN,NaN,TD,NW,B,B,NaN,NaN,1.00,NaN,NaN,NaN,
1944091112,06l.1944,UNNAMED,TS,NN,32.0,273.2,25,NaN,40,9,40,9,NaN,NaN,NaN,NaN,NaN,NaN,NaN,NaN,NaN,NaN,TD,NW,B,B,NaN,NaN,1.00,NaN,NaN,NaN,
1944090906,07l.1944,UNNAMED,STY,NN,20.8,301.5,45,NaN,289,12,289,12,NaN,NaN,NaN,NaN,NaN,NaN,NaN,NaN,NaN,NaN,TS,NW,B,B,NaN,NaN,NaN,NaN,NaN,NaN,
1944090912,07l.1944,UNNAMED,STY,NN,21.2,300.3,50,NaN,289,12,289,12,NaN,NaN,NaN,NaN,NaN,NaN,NaN,NaN,NaN,NaN,TS,NW,B,B,NaN,NaN,NaN,NaN,NaN,NaN,
1944090918,07l.1944,UNNAMED,STY,NN,21.6,299.0,55,NaN,289,12,289,12,NaN,NaN,NaN,NaN,NaN,NaN,NaN,NaN,NaN,NaN,TS,NW,B,B,NaN,NaN,NaN,NaN,NaN,NaN,
1944091000,07l.1944,UNNAMED,STY,NN,22.0,297.7,60,NaN,288,13,288,13,NaN,NaN,NaN,NaN,NaN,NaN,NaN,NaN,NaN,NaN,TS,NW,B,B,NaN,NaN,NaN,NaN,NaN,NaN,
1944091006,07l.1944,UNNAMED,STY,NN,22.5,296.4,65,NaN,290,13,290,13,NaN,NaN,NaN,NaN,NaN,NaN,NaN,NaN,NaN,NaN,TY,NW,B,B,NaN,NaN,NaN,NaN,NaN,NaN,
1944091012,07l.1944,UNNAMED,STY,NN,23.0,295.0,70,NaN,292,13,292,13,NaN,NaN,NaN,NaN,NaN,NaN,NaN,NaN,NaN,NaN,TY,NW,B,B,NaN,NaN,NaN,NaN,NaN,NaN,
1944091018,07l.1944,UNNAMED,STY,NN,23.6,293.7,75,NaN,294,14,294,14,NaN,NaN,NaN,NaN,NaN,NaN,NaN,NaN,NaN,NaN,TY,NW,B,B,NaN,NaN,NaN,NaN,NaN,NaN,
1944091100,07l.1944,UNNAMED,STY,NN,24.3,292.6,80,NaN,301,13,301,13,NaN,NaN,NaN,NaN,NaN,NaN,NaN,NaN,NaN,NaN,TY,NW,B,B,NaN,NaN,NaN,NaN,NaN,NaN,
1944091106,07l.1944,UNNAMED,STY,NN,25.0,291.9,85,NaN,310,11,310,11,NaN,NaN,NaN,NaN,NaN,NaN,NaN,NaN,NaN,NaN,TY,NW,B,B,NaN,NaN,NaN,NaN,NaN,NaN,
1944091112,07l.1944,UNNAMED,STY,NN,25.5,291.3,90,NaN,316,8,316,8,NaN,NaN,NaN,NaN,NaN,NaN,NaN,NaN,NaN,NaN,TY,NW,B,B,NaN,NaN,NaN,NaN,NaN,NaN,
1944091118,07l.1944,UNNAMED,STY,NN,25.7,290.8,95,NaN,305,6,305,6,NaN,NaN,NaN,NaN,NaN,NaN,NaN,NaN,NaN,NaN,TY,NW,B,B,NaN,NaN,NaN,NaN,NaN,NaN,
1944091200,07l.1944,UNNAMED,STY,NN,25.8,290.1,105,NaN,286,6,286,6,NaN,NaN,NaN,NaN,NaN,NaN,NaN,NaN,NaN,NaN,TY,NW,B,B,NaN,NaN,NaN,NaN,NaN,NaN,
1944091206,07l.1944,UNNAMED,STY,NN,25.9,289.4,110,NaN,279,6,279,6,NaN,NaN,NaN,NaN,NaN,NaN,NaN,NaN,NaN,NaN,TY,NW,B,B,NaN,NaN,NaN,NaN,NaN,NaN,
1944091212,07l.1944,UNNAMED,STY,NN,26.2,288.5,115,943,286,7,286,7,NaN,NaN,NaN,NaN,NaN,NaN,NaN,NaN,NaN,NaN,TY,NW,B,B,NaN,NaN,NaN,NaN,NaN,NaN,
1944091218,07l.1944,UNNAMED,STY,NN,26.5,287.3,125,NaN,288,10,288,10,NaN,NaN,NaN,NaN,NaN,NaN,NaN,NaN,NaN,NaN,TY,NW,B,B,NaN,NaN,NaN,NaN,NaN,NaN,
1944091300,07l.1944,UNNAMED,STY,NN,26.9,286.2,135,NaN,289,11,289,11,NaN,NaN,NaN,NaN,NaN,NaN,NaN,NaN,NaN,NaN,STY,NW,B,B,NaN,NaN,NaN,NaN,NaN,NaN,
1944091306,07l.1944,UNNAMED,STY,NN,27.4,285.7,140,NaN,302,8,302,8,NaN,NaN,NaN,NaN,NaN,NaN,NaN,NaN,NaN,NaN,STY,NW,B,B,NaN,NaN,NaN,NaN,NaN,NaN,
1944091312,07l.1944,UNNAMED,STY,NN,28.2,285.3,140,918,328,8,328,8,NaN,NaN,NaN,NaN,NaN,NaN,NaN,NaN,NaN,NaN,STY,NW,B,B,NaN,NaN,NaN,NaN,NaN,NaN,
1944091318,07l.1944,UNNAMED,STY,NN,29.4,284.9,140,NaN,341,11,341,11,NaN,NaN,NaN,NaN,NaN,NaN,NaN,NaN,NaN,NaN,STY,NW,B,B,NaN,NaN,NaN,NaN,NaN,NaN,
1944091400,07l.1944,UNNAMED,STY,NN,31.0,284.5,130,NaN,346,14,346,14,NaN,NaN,NaN,NaN,NaN,NaN,NaN,NaN,NaN,NaN,STY,NW,B,B,NaN,NaN,NaN,NaN,NaN,NaN,
1944091406,07l.1944,UNNAMED,STY,NN,32.7,284.3,120,NaN,351,17,351,17,NaN,NaN,NaN,NaN,NaN,NaN,NaN,NaN,NaN,NaN,TY,NW,B,B,NaN,NaN,NaN,NaN,NaN,NaN,
1944091412,07l.1944,UNNAMED,STY,NN,34.5,284.6,105,940,1,18,1,18,NaN,NaN,NaN,NaN,NaN,NaN,NaN,NaN,NaN,NaN,TY,NW,B,B,NaN,NaN,NaN,NaN,NaN,NaN,
1944091418,07l.1944,UNNAMED,STY,NN,37.1,285.3,100,NaN,11,22,11,22,NaN,NaN,NaN,NaN,NaN,NaN,NaN,NaN,NaN,NaN,TY,NW,B,B,NaN,NaN,NaN,NaN,NaN,NaN,
1944091500,07l.1944,UNNAMED,STY,NN,39.9,286.8,90,954,18,28,18,28,NaN,NaN,NaN,NaN,NaN,NaN,NaN,NaN,NaN,NaN,TY,NW,B,B,NaN,NaN,NaN,NaN,NaN,NaN,
1944091506,07l.1944,UNNAMED,STY,NN,42.0,289.0,65,966,30,28,30,28,NaN,NaN,NaN,NaN,NaN,NaN,NaN,NaN,NaN,NaN,TY,NW,B,B,NaN,NaN,0.70,NaN,NaN,NaN,
1944091512,07l.1944,UNNAMED,STY,NN,44.2,291.5,55,982,39,28,39,28,NaN,NaN,NaN,NaN,NaN,NaN,NaN,NaN,NaN,NaN,TS,NW,B,B,NaN,NaN,0.20,NaN,NaN,NaN,
1944091518,07l.1944,UNNAMED,STY,NN,46.0,296.3,50,NaN,53,33,53,33,NaN,NaN,NaN,NaN,NaN,NaN,NaN,NaN,NaN,NaN,TS,NW,B,B,NaN,NaN,0.56,NaN,NaN,NaN,
1944091600,07l.1944,UNNAMED,STY,NN,47.8,301.8,45,NaN,63,40,63,40,NaN,NaN,NaN,NaN,NaN,NaN,NaN,NaN,NaN,NaN,TS,NW,B,B,NaN,NaN,0.77,NaN,NaN,NaN,
1944091606,07l.1944,UNNAMED,STY,NN,49.9,307.4,40,NaN,62,42,62,42,NaN,NaN,NaN,NaN,NaN,NaN,NaN,NaN,NaN,NaN,TS,NW,B,B,NaN,NaN,NaN,NaN,NaN,NaN,
1944091612,07l.1944,UNNAMED,STY,NN,52.0,313.0,35,NaN,60,42,60,42,NaN,NaN,NaN,NaN,NaN,NaN,NaN,NaN,NaN,NaN,TS,NW,B,B,NaN,NaN,NaN,NaN,NaN,NaN,
1944091906,08l.1944,UNNAMED,TY,NN,19.3,276.4,40,NaN,317,9,317,9,NaN,NaN,NaN,NaN,NaN,NaN,NaN,NaN,NaN,NaN,TS,NW,B,B,NaN,NaN,NaN,NaN,NaN,NaN,
1944091912,08l.1944,UNNAMED,TY,NN,20.0,275.8,50,NaN,317,9,317,9,NaN,NaN,NaN,NaN,NaN,NaN,NaN,NaN,NaN,NaN,TS,NW,B,B,NaN,NaN,NaN,NaN,NaN,NaN,
1944091918,08l.1944,UNNAMED,TY,NN,20.6,275.1,60,NaN,317,9,317,9,NaN,NaN,NaN,NaN,NaN,NaN,NaN,NaN,NaN,NaN,TS,NW,B,B,NaN,NaN,NaN,NaN,NaN,NaN,
1944092000,08l.1944,UNNAMED,TY,NN,20.9,274.4,70,NaN,304,8,304,8,NaN,NaN,NaN,NaN,NaN,NaN,NaN,NaN,NaN,NaN,TY,NW,B,B,NaN,NaN,NaN,NaN,NaN,NaN,
1944092006,08l.1944,UNNAMED,TY,NN,21.0,273.7,70,NaN,287,7,287,7,NaN,NaN,NaN,NaN,NaN,NaN,NaN,NaN,NaN,NaN,TY,NW,B,B,NaN,NaN,0.14,NaN,NaN,NaN,
1944092012,08l.1944,UNNAMED,TY,NN,21.1,272.8,60,NaN,278,8,278,8,NaN,NaN,NaN,NaN,NaN,NaN,NaN,NaN,NaN,NaN,TS,NW,B,B,NaN,NaN,0.62,NaN,NaN,NaN,
1944092018,08l.1944,UNNAMED,TY,NN,20.9,271.7,55,NaN,267,9,267,9,NaN,NaN,NaN,NaN,NaN,NaN,NaN,NaN,NaN,NaN,TS,NW,B,B,NaN,NaN,0.97,NaN,NaN,NaN,
1944092100,08l.1944,UNNAMED,TY,NN,20.5,270.5,50,NaN,254,11,254,11,NaN,NaN,NaN,NaN,NaN,NaN,NaN,NaN,NaN,NaN,TS,NW,B,B,NaN,NaN,1.00,NaN,NaN,NaN,
1944092106,08l.1944,UNNAMED,TY,NN,20.0,269.3,65,NaN,248,12,248,12,NaN,NaN,NaN,NaN,NaN,NaN,NaN,NaN,NaN,NaN,TY,NW,B,B,NaN,NaN,0.54,NaN,NaN,NaN,
1944092112,08l.1944,UNNAMED,TY,NN,19.2,268.0,70,NaN,241,13,241,13,NaN,NaN,NaN,NaN,NaN,NaN,NaN,NaN,NaN,NaN,TY,NW,B,B,NaN,NaN,0.11,NaN,NaN,NaN,
1944092118,08l.1944,UNNAMED,TY,NN,18.5,266.8,70,NaN,238,14,238,14,NaN,NaN,NaN,NaN,NaN,NaN,NaN,NaN,NaN,NaN,TY,NW,B,B,NaN,NaN,0.44,NaN,NaN,NaN,
1944092200,08l.1944,UNNAMED,TY,NN,17.9,266.0,60,NaN,236,11,236,11,NaN,NaN,NaN,NaN,NaN,NaN,NaN,NaN,NaN,NaN,TS,NW,B,B,NaN,NaN,0.71,NaN,NaN,NaN,
1944092206,08l.1944,UNNAMED,TY,NN,17.2,265.8,45,NaN,216,8,216,8,NaN,NaN,NaN,NaN,NaN,NaN,NaN,NaN,NaN,NaN,TS,NW,B,B,NaN,NaN,0.99,NaN,NaN,NaN,
1944092212,08l.1944,UNNAMED,TY,NN,16.5,266.0,30,NaN,180,7,180,7,NaN,NaN,NaN,NaN,NaN,NaN,NaN,NaN,NaN,NaN,TD,NW,B,B,NaN,NaN,0.90,NaN,NaN,NaN,
1944092112,09l.1944,UNNAMED,TY,NN,17.1,318.5,35,NaN,274,20,274,20,NaN,NaN,NaN,NaN,NaN,NaN,NaN,NaN,NaN,NaN,TS,NW,B,B,NaN,NaN,NaN,NaN,NaN,NaN,
1944092118,09l.1944,UNNAMED,TY,NN,17.2,316.5,35,NaN,274,20,274,20,NaN,NaN,NaN,NaN,NaN,NaN,NaN,NaN,NaN,NaN,TS,NW,B,B,NaN,NaN,NaN,NaN,NaN,NaN,
1944092200,09l.1944,UNNAMED,TY,NN,17.4,314.4,35,NaN,274,20,274,20,NaN,NaN,NaN,NaN,NaN,NaN,NaN,NaN,NaN,NaN,TS,NW,B,B,NaN,NaN,NaN,NaN,NaN,NaN,
1944092206,09l.1944,UNNAMED,TY,NN,17.7,312.3,35,NaN,277,20,277,20,NaN,NaN,NaN,NaN,NaN,NaN,NaN,NaN,NaN,NaN,TS,NW,B,B,NaN,NaN,NaN,NaN,NaN,NaN,
1944092212,09l.1944,UNNAMED,TY,NN,18.2,310.3,40,NaN,282,20,282,20,NaN,NaN,NaN,NaN,NaN,NaN,NaN,NaN,NaN,NaN,TS,NW,B,B,NaN,NaN,NaN,NaN,NaN,NaN,
1944092218,09l.1944,UNNAMED,TY,NN,19.0,308.6,40,NaN,290,19,290,19,NaN,NaN,NaN,NaN,NaN,NaN,NaN,NaN,NaN,NaN,TS,NW,B,B,NaN,NaN,NaN,NaN,NaN,NaN,
1944092300,09l.1944,UNNAMED,TY,NN,19.8,307.3,45,NaN,299,16,299,16,NaN,NaN,NaN,NaN,NaN,NaN,NaN,NaN,NaN,NaN,TS,NW,B,B,NaN,NaN,NaN,NaN,NaN,NaN,
1944092306,09l.1944,UNNAMED,TY,NN,21.3,305.9,45,NaN,312,17,312,17,NaN,NaN,NaN,NaN,NaN,NaN,NaN,NaN,NaN,NaN,TS,NW,B,B,NaN,NaN,NaN,NaN,NaN,NaN,
1944092312,09l.1944,UNNAMED,TY,NN,23.0,304.9,50,NaN,325,20,325,20,NaN,NaN,NaN,NaN,NaN,NaN,NaN,NaN,NaN,NaN,TS,NW,B,B,NaN,NaN,NaN,NaN,NaN,NaN,
1944092318,09l.1944,UNNAMED,TY,NN,24.4,304.3,55,NaN,335,17,335,17,NaN,NaN,NaN,NaN,NaN,NaN,NaN,NaN,NaN,NaN,TS,NW,B,B,NaN,NaN,NaN,NaN,NaN,NaN,
1944092400,09l.1944,UNNAMED,TY,NN,25.8,304.1,55,NaN,345,14,345,14,NaN,NaN,NaN,NaN,NaN,NaN,NaN,NaN,NaN,NaN,TS,NW,B,B,NaN,NaN,NaN,NaN,NaN,NaN,
1944092406,09l.1944,UNNAMED,TY,NN,27.4,304.1,60,NaN,357,15,357,15,NaN,NaN,NaN,NaN,NaN,NaN,NaN,NaN,NaN,NaN,TS,NW,B,B,NaN,NaN,NaN,NaN,NaN,NaN,
1944092412,09l.1944,UNNAMED,TY,NN,29.2,304.2,65,NaN,1,17,1,17,NaN,NaN,NaN,NaN,NaN,NaN,NaN,NaN,NaN,NaN,TY,NW,B,B,NaN,NaN,NaN,NaN,NaN,NaN,
1944092418,09l.1944,UNNAMED,TY,NN,31.2,304.5,70,NaN,5,19,5,19,NaN,NaN,NaN,NaN,NaN,NaN,NaN,NaN,NaN,NaN,TY,NW,B,B,NaN,NaN,NaN,NaN,NaN,NaN,
1944092500,09l.1944,UNNAMED,TY,NN,33.2,305.0,75,NaN,10,20,10,20,NaN,NaN,NaN,NaN,NaN,NaN,NaN,NaN,NaN,NaN,TY,NW,B,B,NaN,NaN,NaN,NaN,NaN,NaN,
1944092506,09l.1944,UNNAMED,TY,NN,35.2,305.9,80,NaN,16,21,16,21,NaN,NaN,NaN,NaN,NaN,NaN,NaN,NaN,NaN,NaN,TY,NW,B,B,NaN,NaN,NaN,NaN,NaN,NaN,
1944092512,09l.1944,UNNAMED,TY,NN,37.0,306.5,85,NaN,18,20,18,20,NaN,NaN,NaN,NaN,NaN,NaN,NaN,NaN,NaN,NaN,TY,NW,B,B,NaN,NaN,NaN,NaN,NaN,NaN,
1944092518,09l.1944,UNNAMED,TY,NN,38.2,306.7,80,NaN,12,15,12,15,NaN,NaN,NaN,NaN,NaN,NaN,NaN,NaN,NaN,NaN,TY,NW,B,B,NaN,NaN,NaN,NaN,NaN,NaN,
1944092600,09l.1944,UNNAMED,TY,NN,39.2,306.7,75,NaN,4,11,4,11,NaN,NaN,NaN,NaN,NaN,NaN,NaN,NaN,NaN,NaN,TY,NW,B,B,NaN,NaN,NaN,NaN,NaN,NaN,
1944092606,09l.1944,UNNAMED,TY,NN,40.2,306.8,70,NaN,2,10,2,10,NaN,NaN,NaN,NaN,NaN,NaN,NaN,NaN,NaN,NaN,TY,NW,B,B,NaN,NaN,NaN,NaN,NaN,NaN,
1944092612,09l.1944,UNNAMED,TY,NN,41.5,307.0,60,NaN,6,12,6,12,NaN,NaN,NaN,NaN,NaN,NaN,NaN,NaN,NaN,NaN,TS,NW,B,B,NaN,NaN,NaN,NaN,NaN,NaN,
1944092618,09l.1944,UNNAMED,TY,NN,43.5,308.0,55,NaN,15,17,15,17,NaN,NaN,NaN,NaN,NaN,NaN,NaN,NaN,NaN,NaN,TS,NW,B,B,NaN,NaN,NaN,NaN,NaN,NaN,
1944092700,09l.1944,UNNAMED,TY,NN,46.5,310.0,55,NaN,23,27,23,27,NaN,NaN,NaN,NaN,NaN,NaN,NaN,NaN,NaN,NaN,TS,NW,B,B,NaN,NaN,NaN,NaN,NaN,NaN,
1944092706,09l.1944,UNNAMED,TY,NN,50.0,312.8,50,NaN,27,36,27,36,NaN,NaN,NaN,NaN,NaN,NaN,NaN,NaN,NaN,NaN,TS,NW,B,B,NaN,NaN,NaN,NaN,NaN,NaN,
1944092712,09l.1944,UNNAMED,TY,NN,53.0,316.1,50,NaN,31,38,31,38,NaN,NaN,NaN,NaN,NaN,NaN,NaN,NaN,NaN,NaN,TS,NW,B,B,NaN,NaN,NaN,NaN,NaN,NaN,
1944092718,09l.1944,UNNAMED,TY,NN,55.5,320.0,45,NaN,38,35,38,35,NaN,NaN,NaN,NaN,NaN,NaN,NaN,NaN,NaN,NaN,TS,NW,B,B,NaN,NaN,NaN,NaN,NaN,NaN,
1944092800,09l.1944,UNNAMED,TY,NN,57.8,325.3,45,NaN,47,35,47,35,NaN,NaN,NaN,NaN,NaN,NaN,NaN,NaN,NaN,NaN,TS,NW,B,B,NaN,NaN,NaN,NaN,NaN,NaN,
1944092806,09l.1944,UNNAMED,TY,NN,59.6,331.5,40,NaN,56,37,56,37,NaN,NaN,NaN,NaN,NaN,NaN,NaN,NaN,NaN,NaN,TS,NW,B,B,NaN,NaN,NaN,NaN,NaN,NaN,
1944092812,09l.1944,UNNAMED,TY,NN,61.4,337.6,40,NaN,60,36,60,36,NaN,NaN,NaN,NaN,NaN,NaN,NaN,NaN,NaN,NaN,TS,NW,B,B,NaN,NaN,NaN,NaN,NaN,NaN,
1944093000,10l.1944,UNNAMED,TS,NN,33.1,315.9,35,NaN,347,7,347,7,NaN,NaN,NaN,NaN,NaN,NaN,NaN,NaN,NaN,NaN,TS,NW,B,B,NaN,NaN,NaN,NaN,NaN,NaN,
1944093006,10l.1944,UNNAMED,TS,NN,33.8,315.7,35,NaN,347,7,347,7,NaN,NaN,NaN,NaN,NaN,NaN,NaN,NaN,NaN,NaN,TS,NW,B,B,NaN,NaN,NaN,NaN,NaN,NaN,
1944093012,10l.1944,UNNAMED,TS,NN,34.5,315.5,40,NaN,347,7,347,7,NaN,NaN,NaN,NaN,NaN,NaN,NaN,NaN,NaN,NaN,TS,NW,B,B,NaN,NaN,NaN,NaN,NaN,NaN,
1944093018,10l.1944,UNNAMED,TS,NN,35.2,315.3,40,NaN,347,7,347,7,NaN,NaN,NaN,NaN,NaN,NaN,NaN,NaN,NaN,NaN,TS,NW,B,B,NaN,NaN,NaN,NaN,NaN,NaN,
1944100100,10l.1944,UNNAMED,TS,NN,35.9,315.2,45,NaN,350,7,350,7,NaN,NaN,NaN,NaN,NaN,NaN,NaN,NaN,NaN,NaN,TS,NW,B,B,NaN,NaN,NaN,NaN,NaN,NaN,
1944100106,10l.1944,UNNAMED,TS,NN,36.7,315.1,45,NaN,354,8,354,8,NaN,NaN,NaN,NaN,NaN,NaN,NaN,NaN,NaN,NaN,TS,NW,B,B,NaN,NaN,NaN,NaN,NaN,NaN,
1944100112,10l.1944,UNNAMED,TS,NN,37.5,315.0,45,NaN,354,8,354,8,NaN,NaN,NaN,NaN,NaN,NaN,NaN,NaN,NaN,NaN,TS,NW,B,B,NaN,NaN,NaN,NaN,NaN,NaN,
1944100118,10l.1944,UNNAMED,TS,NN,38.5,315.1,45,NaN,360,9,360,9,NaN,NaN,NaN,NaN,NaN,NaN,NaN,NaN,NaN,NaN,TS,NW,B,B,NaN,NaN,NaN,NaN,NaN,NaN,
1944100200,10l.1944,UNNAMED,TS,NN,39.5,315.5,40,NaN,11,10,11,10,NaN,NaN,NaN,NaN,NaN,NaN,NaN,NaN,NaN,NaN,TS,NW,B,B,NaN,NaN,NaN,NaN,NaN,NaN,
1944100206,10l.1944,UNNAMED,TS,NN,40.5,316.5,35,NaN,28,11,28,11,NaN,NaN,NaN,NaN,NaN,NaN,NaN,NaN,NaN,NaN,TS,NW,B,B,NaN,NaN,NaN,NaN,NaN,NaN,
1944100212,10l.1944,UNNAMED,TS,NN,41.5,318.5,30,NaN,49,15,49,15,NaN,NaN,NaN,NaN,NaN,NaN,NaN,NaN,NaN,NaN,TD,NW,B,B,NaN,NaN,NaN,NaN,NaN,NaN,
1944100218,10l.1944,UNNAMED,TS,NN,42.6,320.7,30,NaN,56,19,56,19,NaN,NaN,NaN,NaN,NaN,NaN,NaN,NaN,NaN,NaN,TD,NW,B,B,NaN,NaN,NaN,NaN,NaN,NaN,
1944100300,10l.1944,UNNAMED,TS,NN,43.8,323.0,30,NaN,55,20,55,20,NaN,NaN,NaN,NaN,NaN,NaN,NaN,NaN,NaN,NaN,TD,NW,B,B,NaN,NaN,NaN,NaN,NaN,NaN,
1944093006,11l.1944,UNNAMED,TS,NN,14.4,300.7,35,NaN,297,2,297,2,NaN,NaN,NaN,NaN,NaN,NaN,NaN,NaN,NaN,NaN,TS,NW,B,B,NaN,NaN,NaN,NaN,NaN,NaN,
1944093012,11l.1944,UNNAMED,TS,NN,14.5,300.5,40,NaN,297,2,297,2,NaN,NaN,NaN,NaN,NaN,NaN,NaN,NaN,NaN,NaN,TS,NW,B,B,NaN,NaN,NaN,NaN,NaN,NaN,
1944093018,11l.1944,UNNAMED,TS,NN,14.6,300.3,40,NaN,297,2,297,2,NaN,NaN,NaN,NaN,NaN,NaN,NaN,NaN,NaN,NaN,TS,NW,B,B,NaN,NaN,NaN,NaN,NaN,NaN,
1944100100,11l.1944,UNNAMED,TS,NN,14.8,300.1,40,NaN,308,2,308,2,NaN,NaN,NaN,NaN,NaN,NaN,NaN,NaN,NaN,NaN,TS,NW,B,B,NaN,NaN,NaN,NaN,NaN,NaN,
1944100106,11l.1944,UNNAMED,TS,NN,15.0,299.8,40,NaN,310,3,310,3,NaN,NaN,NaN,NaN,NaN,NaN,NaN,NaN,NaN,NaN,TS,NW,B,B,NaN,NaN,NaN,NaN,NaN,NaN,
1944100112,11l.1944,UNNAMED,TS,NN,15.3,299.3,40,NaN,303,5,303,5,NaN,NaN,NaN,NaN,NaN,NaN,NaN,NaN,NaN,NaN,TS,NW,B,B,NaN,NaN,NaN,NaN,NaN,NaN,
1944100118,11l.1944,UNNAMED,TS,NN,15.8,298.9,40,NaN,313,6,313,6,NaN,NaN,NaN,NaN,NaN,NaN,NaN,NaN,NaN,NaN,TS,NW,B,B,NaN,NaN,0.08,NaN,NaN,NaN,
1944100200,11l.1944,UNNAMED,TS,NN,16.6,299.0,40,NaN,347,7,347,7,NaN,NaN,NaN,NaN,NaN,NaN,NaN,NaN,NaN,NaN,TS,NW,B,B,NaN,NaN,0.04,NaN,NaN,NaN,
1944100206,11l.1944,UNNAMED,TS,NN,17.8,299.5,40,NaN,16,10,16,10,NaN,NaN,NaN,NaN,NaN,NaN,NaN,NaN,NaN,NaN,TS,NW,B,B,NaN,NaN,NaN,NaN,NaN,NaN,
1944100212,11l.1944,UNNAMED,TS,NN,18.9,300.3,40,NaN,28,13,28,13,NaN,NaN,NaN,NaN,NaN,NaN,NaN,NaN,NaN,NaN,TS,NW,B,B,NaN,NaN,NaN,NaN,NaN,NaN,
1944100218,11l.1944,UNNAMED,TS,NN,19.8,300.8,35,NaN,32,12,32,12,NaN,NaN,NaN,NaN,NaN,NaN,NaN,NaN,NaN,NaN,TS,NW,B,B,NaN,NaN,NaN,NaN,NaN,NaN,
1944100300,11l.1944,UNNAMED,TS,NN,20.3,301.0,35,NaN,25,8,25,8,NaN,NaN,NaN,NaN,NaN,NaN,NaN,NaN,NaN,NaN,TS,NW,B,B,NaN,NaN,NaN,NaN,NaN,NaN,
1944100306,11l.1944,UNNAMED,TS,NN,20.5,301.0,30,NaN,15,4,15,4,NaN,NaN,NaN,NaN,NaN,NaN,NaN,NaN,NaN,NaN,TD,NW,B,B,NaN,NaN,NaN,NaN,NaN,NaN,
1944101100,12l.1944,UNNAMED,TY,NN,35.5,319.6,35,NaN,90,2,90,2,NaN,NaN,NaN,NaN,NaN,NaN,NaN,NaN,NaN,NaN,TS,NW,B,B,NaN,NaN,NaN,NaN,NaN,NaN,
1944101106,12l.1944,UNNAMED,TY,NN,35.5,319.8,35,NaN,90,2,90,2,NaN,NaN,NaN,NaN,NaN,NaN,NaN,NaN,NaN,NaN,TS,NW,B,B,NaN,NaN,NaN,NaN,NaN,NaN,
1944101112,12l.1944,UNNAMED,TY,NN,35.5,320.0,40,NaN,90,2,90,2,NaN,NaN,NaN,NaN,NaN,NaN,NaN,NaN,NaN,NaN,TS,NW,B,B,NaN,NaN,NaN,NaN,NaN,NaN,
1944101118,12l.1944,UNNAMED,TY,NN,35.5,320.2,45,NaN,90,2,90,2,NaN,NaN,NaN,NaN,NaN,NaN,NaN,NaN,NaN,NaN,TS,NW,B,B,NaN,NaN,NaN,NaN,NaN,NaN,
1944101200,12l.1944,UNNAMED,TY,NN,35.6,320.4,50,NaN,73,2,73,2,NaN,NaN,NaN,NaN,NaN,NaN,NaN,NaN,NaN,NaN,TS,NW,B,B,NaN,NaN,NaN,NaN,NaN,NaN,
1944101206,12l.1944,UNNAMED,TY,NN,35.7,320.7,60,NaN,64,2,64,2,NaN,NaN,NaN,NaN,NaN,NaN,NaN,NaN,NaN,NaN,TS,NW,B,B,NaN,NaN,NaN,NaN,NaN,NaN,
1944101212,12l.1944,UNNAMED,TY,NN,36.0,321.0,70,NaN,51,3,51,3,NaN,NaN,NaN,NaN,NaN,NaN,NaN,NaN,NaN,NaN,TY,NW,B,B,NaN,NaN,NaN,NaN,NaN,NaN,
1944101218,12l.1944,UNNAMED,TY,NN,36.6,321.4,70,NaN,32,5,32,5,NaN,NaN,NaN,NaN,NaN,NaN,NaN,NaN,NaN,NaN,TY,NW,B,B,NaN,NaN,NaN,NaN,NaN,NaN,
1944101300,12l.1944,UNNAMED,TY,NN,37.5,321.9,70,NaN,26,8,26,8,NaN,NaN,NaN,NaN,NaN,NaN,NaN,NaN,NaN,NaN,TY,NW,B,B,NaN,NaN,NaN,NaN,NaN,NaN,
1944101306,12l.1944,UNNAMED,TY,NN,38.3,322.6,60,NaN,29,10,29,10,NaN,NaN,NaN,NaN,NaN,NaN,NaN,NaN,NaN,NaN,TS,NW,B,B,NaN,NaN,NaN,NaN,NaN,NaN,
1944101312,12l.1944,UNNAMED,TY,NN,39.0,323.5,50,NaN,40,10,40,10,NaN,NaN,NaN,NaN,NaN,NaN,NaN,NaN,NaN,NaN,TS,NW,B,B,NaN,NaN,NaN,NaN,NaN,NaN,
1944101318,12l.1944,UNNAMED,TY,NN,39.7,324.7,50,NaN,49,11,49,11,NaN,NaN,NaN,NaN,NaN,NaN,NaN,NaN,NaN,NaN,TS,NW,B,B,NaN,NaN,NaN,NaN,NaN,NaN,
1944101400,12l.1944,UNNAMED,TY,NN,40.4,326.5,45,NaN,59,13,59,13,NaN,NaN,NaN,NaN,NaN,NaN,NaN,NaN,NaN,NaN,TS,NW,B,B,NaN,NaN,NaN,NaN,NaN,NaN,
1944101406,12l.1944,UNNAMED,TY,NN,41.0,330.5,45,NaN,74,23,74,23,NaN,NaN,NaN,NaN,NaN,NaN,NaN,NaN,NaN,NaN,TS,NW,B,B,NaN,NaN,NaN,NaN,NaN,NaN,
1944101412,12l.1944,UNNAMED,TY,NN,41.5,334.5,45,NaN,80,31,80,31,NaN,NaN,NaN,NaN,NaN,NaN,NaN,NaN,NaN,NaN,TS,NW,B,B,NaN,NaN,NaN,NaN,NaN,NaN,
1944101418,12l.1944,UNNAMED,TY,NN,41.2,337.0,45,NaN,88,25,88,25,NaN,NaN,NaN,NaN,NaN,NaN,NaN,NaN,NaN,NaN,TS,NW,B,B,NaN,NaN,NaN,NaN,NaN,NaN,
1944101500,12l.1944,UNNAMED,TY,NN,40.5,339.0,45,NaN,106,18,106,18,NaN,NaN,NaN,NaN,NaN,NaN,NaN,NaN,NaN,NaN,TS,NW,B,B,NaN,NaN,NaN,NaN,NaN,NaN,
1944101506,12l.1944,UNNAMED,TY,NN,39.7,340.5,50,NaN,119,15,119,15,NaN,NaN,NaN,NaN,NaN,NaN,NaN,NaN,NaN,NaN,TS,NW,B,B,NaN,NaN,NaN,NaN,NaN,NaN,
1944101512,12l.1944,UNNAMED,TY,NN,39.0,342.0,55,NaN,123,14,123,14,NaN,NaN,NaN,NaN,NaN,NaN,NaN,NaN,NaN,NaN,TS,NW,B,B,NaN,NaN,NaN,NaN,NaN,NaN,
1944101518,12l.1944,UNNAMED,TY,NN,38.5,344.0,55,NaN,114,15,114,15,NaN,NaN,NaN,NaN,NaN,NaN,NaN,NaN,NaN,NaN,TS,NW,B,B,NaN,NaN,NaN,NaN,NaN,NaN,
1944101212,l13.1944,9X-L13,TY,NN,16.0,279.5,30,NaN,347,4,347,4,NaN,NaN,NaN,NaN,NaN,NaN,NaN,NaN,NaN,NaN,TD,NW,B,B,NaN,NaN,NaN,NaN,NaN,NaN,
1944101218,13l.1944,UNNAMED,TY,NN,16.4,279.4,35,NaN,347,4,347,4,NaN,NaN,NaN,NaN,NaN,NaN,NaN,NaN,NaN,NaN,TS,NW,B,B,NaN,NaN,NaN,NaN,NaN,NaN,
1944101300,13l.1944,UNNAMED,TY,NN,16.8,279.3,40,NaN,347,4,347,4,NaN,NaN,NaN,NaN,NaN,NaN,NaN,NaN,NaN,NaN,TS,NW,B,B,NaN,NaN,NaN,NaN,NaN,NaN,
1944101306,13l.1944,UNNAMED,TY,NN,17.1,279.2,50,NaN,345,4,345,4,NaN,NaN,NaN,NaN,NaN,NaN,NaN,NaN,NaN,NaN,TS,NW,B,B,NaN,NaN,NaN,NaN,NaN,NaN,
1944101312,13l.1944,UNNAMED,TY,NN,17.4,279.1,60,NaN,342,3,342,3,NaN,NaN,NaN,NaN,NaN,NaN,NaN,NaN,NaN,NaN,TS,NW,B,B,NaN,NaN,NaN,NaN,NaN,NaN,
1944101318,13l.1944,UNNAMED,TY,NN,17.6,279.1,70,NaN,349,3,349,3,NaN,NaN,NaN,NaN,NaN,NaN,NaN,NaN,NaN,NaN,TY,NW,B,B,NaN,NaN,NaN,NaN,NaN,NaN,
1944101400,13l.1944,UNNAMED,TY,NN,17.8,279.2,80,976,13,2,13,2,NaN,NaN,NaN,NaN,NaN,NaN,NaN,NaN,NaN,NaN,TY,NW,B,B,NaN,NaN,NaN,NaN,NaN,NaN,
1944101406,13l.1944,UNNAMED,TY,NN,17.9,279.3,80,NaN,32,2,32,2,NaN,NaN,NaN,NaN,NaN,NaN,NaN,NaN,NaN,NaN,TY,NW,B,B,NaN,NaN,NaN,NaN,NaN,NaN,
1944101412,13l.1944,UNNAMED,TY,NN,18.0,279.4,80,NaN,44,1,44,1,NaN,NaN,NaN,NaN,NaN,NaN,NaN,NaN,NaN,NaN,TY,NW,B,B,NaN,NaN,NaN,NaN,NaN,NaN,
1944101418,13l.1944,UNNAMED,TY,NN,18.1,279.4,80,NaN,25,1,25,1,NaN,NaN,NaN,NaN,NaN,NaN,NaN,NaN,NaN,NaN,TY,NW,B,B,NaN,NaN,NaN,NaN,NaN,NaN,
1944101500,13l.1944,UNNAMED,TY,NN,18.2,279.5,80,NaN,25,1,25,1,NaN,NaN,NaN,NaN,NaN,NaN,NaN,NaN,NaN,NaN,TY,NW,B,B,NaN,NaN,NaN,NaN,NaN,NaN,
1944101506,13l.1944,UNNAMED,TY,NN,18.3,279.5,80,NaN,25,1,25,1,NaN,NaN,NaN,NaN,NaN,NaN,NaN,NaN,NaN,NaN,TY,NW,B,B,NaN,NaN,NaN,NaN,NaN,NaN,
1944101512,13l.1944,UNNAMED,TY,NN,18.5,279.2,85,NaN,316,2,316,2,NaN,NaN,NaN,NaN,NaN,NaN,NaN,NaN,NaN,NaN,TY,NW,B,B,NaN,NaN,NaN,NaN,NaN,NaN,
1944101518,13l.1944,UNNAMED,TY,NN,18.7,278.7,85,NaN,298,4,298,4,NaN,NaN,NaN,NaN,NaN,NaN,NaN,NaN,NaN,NaN,TY,NW,B,B,NaN,NaN,NaN,NaN,NaN,NaN,
1944101600,13l.1944,UNNAMED,TY,NN,19.0,278.3,90,NaN,300,5,300,5,NaN,NaN,NaN,NaN,NaN,NaN,NaN,NaN,NaN,NaN,TY,NW,B,B,NaN,NaN,0.02,NaN,NaN,NaN,
1944101606,13l.1944,UNNAMED,TY,NN,19.2,277.9,90,NaN,303,5,303,5,NaN,NaN,NaN,NaN,NaN,NaN,NaN,NaN,NaN,NaN,TY,NW,B,B,NaN,NaN,NaN,NaN,NaN,NaN,
1944101612,13l.1944,UNNAMED,TY,NN,19.4,277.6,90,NaN,301,4,301,4,NaN,NaN,NaN,NaN,NaN,NaN,NaN,NaN,NaN,NaN,TY,NW,B,B,NaN,NaN,NaN,NaN,NaN,NaN,
1944101618,13l.1944,UNNAMED,TY,NN,19.5,277.3,90,NaN,298,3,298,3,NaN,NaN,NaN,NaN,NaN,NaN,NaN,NaN,NaN,NaN,TY,NW,B,B,NaN,NaN,NaN,NaN,NaN,NaN,
1944101700,13l.1944,UNNAMED,TY,NN,19.6,277.1,90,NaN,293,3,293,3,NaN,NaN,NaN,NaN,NaN,NaN,NaN,NaN,NaN,NaN,TY,NW,B,B,NaN,NaN,NaN,NaN,NaN,NaN,
1944101706,13l.1944,UNNAMED,TY,NN,19.7,277.1,95,NaN,317,1,317,1,NaN,NaN,NaN,NaN,NaN,NaN,NaN,NaN,NaN,NaN,TY,NW,B,B,NaN,NaN,NaN,NaN,NaN,NaN,
1944101712,13l.1944,UNNAMED,TY,NN,20.0,277.1,95,NaN,360,2,360,2,NaN,NaN,NaN,NaN,NaN,NaN,NaN,NaN,NaN,NaN,TY,NW,B,B,NaN,NaN,NaN,NaN,NaN,NaN,
1944101718,13l.1944,UNNAMED,TY,NN,20.6,277.1,105,NaN,360,4,360,5,NaN,NaN,NaN,NaN,NaN,NaN,NaN,NaN,NaN,NaN,TY,NW,B,B,NaN,NaN,NaN,NaN,NaN,NaN,
1944101800,13l.1944,UNNAMED,TY,NN,21.4,277.1,115,NaN,360,7,360,7,NaN,NaN,NaN,NaN,NaN,NaN,NaN,NaN,NaN,NaN,TY,NW,B,B,NaN,NaN,0.23,NaN,NaN,NaN,
1944101806,13l.1944,UNNAMED,TY,NN,22.2,277.1,125,NaN,360,8,360,8,NaN,NaN,NaN,NaN,NaN,NaN,NaN,NaN,NaN,NaN,TY,NW,B,B,NaN,NaN,0.28,NaN,NaN,NaN,
1944101812,13l.1944,UNNAMED,TY,NN,23.1,277.0,115,937,357,9,357,9,NaN,NaN,NaN,NaN,NaN,NaN,NaN,NaN,NaN,NaN,TY,NW,B,B,NaN,NaN,0.43,NaN,NaN,NaN,
1944101818,13l.1944,UNNAMED,TY,NN,24.0,277.1,105,949,360,9,360,9,NaN,NaN,NaN,NaN,NaN,NaN,NaN,NaN,NaN,NaN,TY,NW,B,B,NaN,NaN,NaN,NaN,NaN,NaN,
1944101900,13l.1944,UNNAMED,TY,NN,25.3,277.3,100,NaN,7,11,7,11,NaN,NaN,NaN,NaN,NaN,NaN,NaN,NaN,NaN,NaN,TY,NW,B,B,NaN,NaN,NaN,NaN,NaN,NaN,
1944101906,13l.1944,UNNAMED,TY,NN,26.9,277.4,90,962,5,15,5,15,NaN,NaN,NaN,NaN,NaN,NaN,NaN,NaN,NaN,NaN,TY,NW,B,B,NaN,NaN,0.34,NaN,NaN,NaN,
1944101912,13l.1944,UNNAMED,TY,NN,28.4,277.9,75,968,10,16,10,16,NaN,NaN,NaN,NaN,NaN,NaN,NaN,NaN,NaN,NaN,TY,NW,B,B,NaN,NaN,0.94,NaN,NaN,NaN,
1944101918,13l.1944,UNNAMED,TY,NN,29.8,278.3,60,976,15,15,15,15,NaN,NaN,NaN,NaN,NaN,NaN,NaN,NaN,NaN,NaN,TS,NW,B,B,NaN,NaN,0.64,NaN,NaN,NaN,
1944102000,13l.1944,UNNAMED,TY,NN,31.2,278.6,55,980,12,14,12,14,NaN,NaN,NaN,NaN,NaN,NaN,NaN,NaN,NaN,NaN,TS,NW,B,B,NaN,NaN,0.54,NaN,NaN,NaN,
1944102006,13l.1944,UNNAMED,TY,NN,32.4,279.0,50,985,13,13,13,13,NaN,NaN,NaN,NaN,NaN,NaN,NaN,NaN,NaN,NaN,TS,NW,B,B,NaN,NaN,0.86,NaN,NaN,NaN,
1944102012,13l.1944,UNNAMED,TY,NN,33.7,279.5,50,988,17,13,17,13,NaN,NaN,NaN,NaN,NaN,NaN,NaN,NaN,NaN,NaN,TS,NW,B,B,NaN,NaN,0.95,NaN,NaN,NaN,
1944102018,13l.1944,UNNAMED,TY,NN,35.4,281.0,45,993,29,17,29,17,NaN,NaN,NaN,NaN,NaN,NaN,NaN,NaN,NaN,NaN,TS,NW,B,B,NaN,NaN,0.99,NaN,NaN,NaN,
1944102100,13l.1944,UNNAMED,TY,NN,37.1,283.1,40,996,41,22,41,22,NaN,NaN,NaN,NaN,NaN,NaN,NaN,NaN,NaN,NaN,TS,NW,B,B,NaN,NaN,0.91,NaN,NaN,NaN,
1944102106,13l.1944,UNNAMED,TY,NN,38.3,285.0,40,NaN,48,22,48,22,NaN,NaN,NaN,NaN,NaN,NaN,NaN,NaN,NaN,NaN,TS,NW,B,B,NaN,NaN,0.31,NaN,NaN,NaN,
1944102112,13l.1944,UNNAMED,TY,NN,39.4,286.7,45,NaN,51,18,51,18,NaN,NaN,NaN,NaN,NaN,NaN,NaN,NaN,NaN,NaN,TS,NW,B,B,NaN,NaN,NaN,NaN,NaN,NaN,
1944102118,13l.1944,UNNAMED,TY,NN,40.7,289.2,45,NaN,53,20,53,20,NaN,NaN,NaN,NaN,NaN,NaN,NaN,NaN,NaN,NaN,TS,NW,B,B,NaN,NaN,NaN,NaN,NaN,NaN,
1944102200,13l.1944,UNNAMED,TY,NN,42.7,292.6,45,NaN,53,28,53,28,NaN,NaN,NaN,NaN,NaN,NaN,NaN,NaN,NaN,NaN,TS,NW,B,B,NaN,NaN,NaN,NaN,NaN,NaN,
1944102206,13l.1944,UNNAMED,TY,NN,44.9,296.5,45,NaN,52,34,52,34,NaN,NaN,NaN,NaN,NaN,NaN,NaN,NaN,NaN,NaN,TS,NW,B,B,NaN,NaN,0.80,NaN,NaN,NaN,
1944102212,13l.1944,UNNAMED,TY,NN,47.5,300.5,45,NaN,49,37,49,37,NaN,NaN,NaN,NaN,NaN,NaN,NaN,NaN,NaN,NaN,TS,NW,B,B,NaN,NaN,0.13,NaN,NaN,NaN,
1944102218,13l.1944,UNNAMED,TY,NN,50.5,303.5,45,NaN,40,37,40,37,NaN,NaN,NaN,NaN,NaN,NaN,NaN,NaN,NaN,NaN,TS,NW,B,B,NaN,NaN,0.65,NaN,NaN,NaN,
1944102300,13l.1944,UNNAMED,TY,NN,54.0,306.0,45,NaN,28,37,28,37,NaN,NaN,NaN,NaN,NaN,NaN,NaN,NaN,NaN,NaN,TS,NW,B,B,NaN,NaN,NaN,NaN,NaN,NaN,
1944102306,13l.1944,UNNAMED,TY,NN,57.0,308.0,45,NaN,22,35,22,35,NaN,NaN,NaN,NaN,NaN,NaN,NaN,NaN,NaN,NaN,TS,NW,B,B,NaN,NaN,NaN,NaN,NaN,NaN,
1944102312,13l.1944,UNNAMED,TY,NN,59.5,310.0,50,NaN,22,30,22,30,NaN,NaN,NaN,NaN,NaN,NaN,NaN,NaN,NaN,NaN,TS,NW,B,B,NaN,NaN,NaN,NaN,NaN,NaN,
1944102318,13l.1944,UNNAMED,TY,NN,61.5,313.0,50,NaN,30,26,30,26,NaN,NaN,NaN,NaN,NaN,NaN,NaN,NaN,NaN,NaN,TS,NW,B,B,NaN,NaN,1.00,NaN,NaN,NaN,
1944102400,13l.1944,UNNAMED,TY,NN,63.0,316.5,45,NaN,42,23,42,23,NaN,NaN,NaN,NaN,NaN,NaN,NaN,NaN,NaN,NaN,TS,NW,B,B,NaN,NaN,1.00,NaN,NaN,NaN,
1944102406,13l.1944,UNNAMED,TY,NN,64.5,321.0,40,NaN,50,24,50,24,NaN,NaN,NaN,NaN,NaN,NaN,NaN,NaN,NaN,NaN,TS,NW,B,B,NaN,NaN,NaN,NaN,NaN,NaN,
1944102412,13l.1944,UNNAMED,TY,NN,66.0,326.0,30,NaN,54,25,54,25,NaN,NaN,NaN,NaN,NaN,NaN,NaN,NaN,NaN,NaN,TD,NW,B,B,NaN,NaN,NaN,NaN,NaN,NaN,
1944110100,l14.1944,9X-L14,TS,NN,12.2,278.7,30,NaN,224,1,224,1,NaN,NaN,NaN,NaN,NaN,NaN,NaN,NaN,NaN,NaN,TD,NW,B,B,NaN,NaN,NaN,NaN,NaN,NaN,
1944110106,14l.1944,UNNAMED,TS,NN,12.1,278.6,35,NaN,224,1,224,1,NaN,NaN,NaN,NaN,NaN,NaN,NaN,NaN,NaN,NaN,TS,NW,B,B,NaN,NaN,NaN,NaN,NaN,NaN,
1944110112,14l.1944,UNNAMED,TS,NN,12.0,278.5,40,NaN,224,1,224,1,NaN,NaN,NaN,NaN,NaN,NaN,NaN,NaN,NaN,NaN,TS,NW,B,B,NaN,NaN,NaN,NaN,NaN,NaN,
1944110118,14l.1944,UNNAMED,TS,NN,11.9,278.3,45,NaN,236,2,236,2,NaN,NaN,NaN,NaN,NaN,NaN,NaN,NaN,NaN,NaN,TS,NW,B,B,NaN,NaN,NaN,NaN,NaN,NaN,
1944110200,14l.1944,UNNAMED,TS,NN,11.7,278.0,50,NaN,238,3,238,3,NaN,NaN,NaN,NaN,NaN,NaN,NaN,NaN,NaN,NaN,TS,NW,B,B,NaN,NaN,NaN,NaN,NaN,NaN,
1944110206,14l.1944,UNNAMED,TS,NN,11.6,277.7,55,NaN,243,3,243,3,NaN,NaN,NaN,NaN,NaN,NaN,NaN,NaN,NaN,NaN,TS,NW,B,B,NaN,NaN,NaN,NaN,NaN,NaN,
1944110212,14l.1944,UNNAMED,TS,NN,11.5,277.5,60,NaN,248,3,248,3,NaN,NaN,NaN,NaN,NaN,NaN,NaN,NaN,NaN,NaN,TS,NW,B,B,NaN,NaN,NaN,NaN,NaN,NaN,
1944110218,14l.1944,UNNAMED,TS,NN,11.4,277.5,60,NaN,224,1,224,1,NaN,NaN,NaN,NaN,NaN,NaN,NaN,NaN,NaN,NaN,TS,NW,B,B,NaN,NaN,NaN,NaN,NaN,NaN,
1944110300,14l.1944,UNNAMED,TS,NN,11.3,277.6,50,NaN,154,1,154,1,NaN,NaN,NaN,NaN,NaN,NaN,NaN,NaN,NaN,NaN,TS,NW,B,B,NaN,NaN,NaN,NaN,NaN,NaN,
1944110306,14l.1944,UNNAMED,TS,NN,11.3,277.8,40,NaN,109,2,109,2,NaN,NaN,NaN,NaN,NaN,NaN,NaN,NaN,NaN,NaN,TS,NW,B,B,NaN,NaN,NaN,NaN,NaN,NaN,
1944110312,14l.1944,UNNAMED,TS,NN,11.3,278.0,30,NaN,90,2,90,2,NaN,NaN,NaN,NaN,NaN,NaN,NaN,NaN,NaN,NaN,TD,NW,B,B,NaN,NaN,NaN,NaN,NaN,NaN,
1944110318,14l.1944,UNNAMED,TS,NN,11.3,278.2,25,NaN,90,2,90,2,NaN,NaN,NaN,NaN,NaN,NaN,NaN,NaN,NaN,NaN,TD,NW,B,B,NaN,NaN,NaN,NaN,NaN,NaN,
