stmid,tctype,stmtype,sname,maxv,ndtc,ndstm,blat,blon,bdtg,edtg,minlat,maxlat,minlon,maxlon,stcd,ace,nri,ned,nrw,ricode,9x,9xid,t2gen,gendtg,wncode,
01w.1998,TD,NN,NONAME,30,3.8,5.0,20.9,128.2,1998070600,1998071100,17.2,25.1,121.3,132.3,0.9,0.0,0,0,0,NaN,9X,xxw,36,1998070712,wn,
02w.1998,TS,NN,NICHOLE,50,4.8,5.8,22.3,118.7,1998070700,1998071218,18.3,25.1,117.0,120.1,1.6,0.5,0,0,0,NaN,9X,xxw,24,1998070800,wn,
03w.1998,TS,NN,NONAME,45,2.5,3.5,24.7,146.5,1998072218,1998072606,17.0,36.2,144.1,149.3,0.8,0.2,0,0,0,NaN,9X,xxw,54,1998072500,wn,
04w.1998,TY,NN,OTTO,100,3.5,4.0,19.5,123.5,1998080106,1998080506,14.1,26.5,118.0,128.0,2.7,2.6,3,1,2,ddED,9X,xxw,18,1998080200,wn,
05w.1998,TS,NN,PENNY,60,6.0,6.8,17.7,119.4,1998080506,1998081200,10.2,23.8,107.0,129.9,2.7,1.4,0,0,2,ddRW,9X,xxw,24,1998080606,wn,
06w.1998,TY,NN,REX,115,17.5,17.5,30.7,147.8,1998082212,1998090900,16.6,50.3,128.6,185.2,19.0,23.6,3,0,0,rrRI,9X,xxw,36,1998082400,wn,
07w.1998,TD,NN,NONAME,30,5.0,6.0,27.5,136.2,1998083106,1998090606,22.6,30.6,122.4,149.5,1.2,0.0,0,0,0,NaN,9X,xxw,48,1998090206,wn,
08w.1998,TY,NN,STELLA,65,5.2,6.8,24.7,143.1,1998091000,1998091618,16.8,46.0,136.3,154.0,3.7,3.0,0,0,0,NaN,9X,xxw,54,1998091206,wn,
09w.1998,TD,NN,NONAME,25,1.2,2.0,20.3,108.8,1998091218,1998091418,20.1,21.0,104.6,113.7,0.3,0.0,0,0,0,NaN,9X,xxw,12,1998091306,wn,
10w.1998,STY,NN,TODD,130,6.0,6.0,25.5,128.5,1998091418,1998092018,19.4,30.4,121.0,135.0,5.3,6.4,5,4,4,ddED,9X,xxw,30,1998091600,wn,
11w.1998,TY,NN,VICKI,90,6.5,7.0,22.5,126.0,1998091600,1998092300,16.0,43.8,117.9,147.7,5.8,5.9,4,0,3,ddRI,9X,xxw,24,1998091700,wn,
12w.1998,TD,NN,NONAME,30,2.0,3.0,17.1,108.0,1998091618,1998091918,16.0,18.7,105.7,110.2,0.5,0.0,0,0,0,NaN,9X,xxw,36,1998091806,wn,
13w.1998,TS,NN,WALDO,45,2.8,3.2,27.5,137.2,1998091818,1998092200,19.6,40.8,136.0,138.5,1.1,0.5,0,0,0,NaN,9X,xxw,30,1998092000,wn,
14w.1998,TY,NN,YANNI,80,7.0,7.8,24.4,126.8,1998092406,1998100200,12.9,34.6,122.3,134.2,4.0,3.1,3,0,3,ddRI,9X,xxw,18,1998092500,wn,
15w.1998,TD,NN,NONAME,30,4.5,4.8,15.4,111.4,1998100100,1998100518,12.0,19.0,105.2,114.3,1.2,0.0,0,0,0,NaN,9X,xxw,54,1998100306,wn,
16w.1998,TD,NN,NONAME,30,3.0,3.8,24.5,123.0,1998100400,1998100718,23.8,25.4,122.2,124.7,0.8,0.0,0,0,0,NaN,9X,xxw,30,1998100506,wn,
17w.1998,TD,NN,NONAME,30,0.8,1.8,29.3,126.0,1998100506,1998100700,28.1,30.1,125.6,126.4,0.2,0.0,0,0,0,NaN,9X,xxw,18,1998100600,wn,
18w.1998,STY,NN,ZEB,155,9.2,10.8,18.5,133.1,1998100718,1998101812,10.6,45.8,120.9,151.0,11.0,17.3,9,4,5,ddED,9X,xxw,48,1998100918,wn,
19w.1998,TS,NN,ALEX,50,2.5,2.5,15.5,138.6,1998101006,1998101218,13.1,18.2,127.0,148.8,1.4,0.8,0,0,0,NaN,9X,xxw,18,1998101100,wn,
20w.1998,STY,NN,BABS,135,14.5,16.0,14.6,128.2,1998101118,1998102718,10.9,24.7,116.3,149.2,14.4,18.6,4,4,5,ddED,9X,xxw,60,1998101406,wn,
21w.1998,TS,NN,CHIP,50,4.2,4.2,10.1,111.3,1998111018,1998111500,9.2,11.2,107.5,115.6,1.9,1.0,0,0,0,NaN,9X,xxw,30,1998111200,wn,
22w.1998,TS,NN,DAWN,45,2.0,3.8,11.1,111.7,1998111618,1998112012,9.6,13.3,106.4,116.8,0.9,0.5,0,0,0,NaN,9X,xxw,36,1998111806,wn,
23w.1998,TS,NN,ELVIS,45,2.5,3.2,12.9,113.4,1998112306,1998112612,11.5,14.4,107.6,119.1,1.3,0.7,0,0,0,NaN,9X,xxw,18,1998112400,wn,
24w.1998,TY,NN,FAITH,90,6.5,7.0,10.7,122.1,1998120718,1998121418,6.1,15.1,106.2,141.0,5.7,6.2,2,0,3,ddRI,9X,xxw,12,1998120806,wn,
25w.1998,TS,NN,GIL,35,4.0,4.5,8.0,105.9,1998120812,1998121300,7.5,8.4,99.8,113.9,1.4,0.5,0,0,0,NaN,9X,xxw,24,1998120912,wn,
26w.1998,TD,NN,NONAME,25,1.5,2.0,14.5,121.9,1998121700,1998121900,10.9,18.7,119.8,125.0,0.4,0.0,0,0,0,NaN,9X,xxw,12,1998121712,wn,
27w.1998,TD,NN,NONAME,30,2.8,3.2,16.4,114.7,1998121818,1998122200,12.9,19.7,113.1,117.2,0.7,0.0,0,0,0,NaN,9X,xxw,12,1998121906,wn,
01l.1998,TS,NN,ALEX,45,6.2,6.2,15.2,315.5,1998072712,1998080218,11.3,21.0,300.7,334.6,3.1,1.7,0,0,0,NaN,9X,xxl,NaN,NaN,wn,
02l.1998,TY,NN,BONNIE,100,12.5,12.5,28.4,294.3,1998081818,1998083106,11.6,44.5,282.2,319.0,12.5,15.0,1,0,3,ddRI,9X,xxl,24,1998081918,wn,
03l.1998,TS,NN,CHARLEY,60,2.2,3.2,27.1,263.8,1998082018,1998082400,23.5,29.4,258.8,270.2,1.0,0.5,1,0,1,ddRI,9X,xxl,NaN,NaN,wn,
04l.1998,TY,NN,DANIELLE,90,15.0,15.0,33.2,310.2,1998082406,1998090806,13.4,57.0,285.7,348.0,15.3,16.6,4,0,0,rrRI,9X,xxl,6,1998082412,wn,
05l.1998,TY,NN,EARL,85,8.0,8.0,37.4,290.7,1998083112,1998090812,21.6,52.0,266.2,335.0,6.1,5.0,2,0,2,ddRI,9X,xxl,6,1998083118,wn,
06l.1998,TS,NN,FRANCES,55,5.5,6.2,26.8,264.3,1998090712,1998091318,20.1,33.0,262.4,266.5,2.3,1.0,0,0,0,NaN,9X,xxl,30,1998090818,wn,
07l.1998,STY,NN,GEORGES,135,16.2,16.5,20.2,295.2,1998091418,1998100106,9.5,31.0,271.0,340.7,17.6,23.3,6,0,11,ddRI,9X,xxl,12,1998091506,wn,
08l.1998,TS,NN,HERMINE,40,5.0,5.2,26.3,270.2,1998091512,1998092018,21.0,31.0,267.5,275.0,1.6,0.3,0,0,0,NaN,9X,xxl,54,1998091718,wn,
09l.1998,TY,NN,IVAN,80,8.8,8.8,27.1,325.8,1998091900,1998092718,12.9,41.5,317.7,344.5,6.6,5.9,0,0,3,ddRW,9X,xxl,36,1998092012,wn,
10l.1998,TY,NN,JEANNE,90,13.2,13.2,27.1,331.2,1998092106,1998100412,9.6,39.5,318.0,355.0,11.6,12.0,3,0,2,ddRI,9X,xxl,12,1998092118,wn,
11l.1998,TY,NN,KARL,90,6.2,6.2,36.6,317.1,1998092312,1998092918,30.3,49.0,294.6,352.0,5.1,4.9,0,0,4,ddRW,9X,xxl,6,1998092318,wn,
12l.1998,TY,NN,LISA,65,5.0,5.0,24.9,316.0,1998100500,1998101000,13.9,52.1,310.7,328.0,3.9,3.2,0,0,0,NaN,9X,xxl,18,1998100518,wn,
13l.1998,STY,NN,MITCH,155,17.8,19.2,22.6,284.7,1998102112,1998110918,11.5,63.5,266.3,355.0,17.1,24.3,10,0,7,ddRI,9X,xxl,12,1998102200,wn,
14l.1998,TY,NN,NICOLE,75,8.5,8.5,31.0,321.7,1998112400,1998120212,25.2,52.0,313.4,332.0,6.3,5.2,1,0,0,rrRI,9X,xxl,6,1998112406,wn,
01c.1998,TD,NN,ONE,30,3.0,3.0,14.0,212.6,1998081600,1998081900,13.1,14.4,205.5,217.7,0.8,0.0,0,0,0,NaN,9X,xxc,12,1998081612,wn,
01e.1998,TS,NN,AGATHA,55,5.8,6.0,15.5,246.1,1998061018,1998061618,9.2,19.9,237.0,258.0,2.6,1.3,0,0,0,NaN,9X,xxe,18,1998061112,wn,
02e.1998,TD,NN,TWO,30,3.0,3.0,16.5,252.5,1998061900,1998062200,12.9,18.6,246.4,261.0,0.8,0.0,0,0,0,NaN,9X,xxe,12,1998061912,wn,
03e.1998,TY,NN,BLAS,120,8.5,8.8,15.4,248.0,1998062200,1998063018,8.0,18.2,228.2,265.5,9.1,11.6,6,0,0,rrRI,9X,xxe,12,1998062212,wn,
04e.1998,TS,NN,CELIA,50,4.2,4.2,20.8,246.7,1998071700,1998072106,16.5,22.8,238.4,256.1,2.2,1.2,0,0,0,NaN,9X,xxe,NaN,NaN,wn,
05e.1998,TY,NN,DARBY,100,9.0,9.0,17.5,228.8,1998072300,1998080100,12.4,23.6,206.4,249.0,8.9,10.8,5,2,2,ddED,9X,xxe,6,1998072306,wn,
06e.1998,TY,NN,ESTELLE,115,10.0,10.0,18.2,235.1,1998072918,1998080818,14.6,22.7,211.3,259.1,8.0,8.6,3,0,3,ddRI,9X,xxe,NaN,NaN,wn,
07e.1998,TS,NN,FRANK,40,4.0,4.0,21.7,247.2,1998080600,1998081000,15.3,28.6,242.9,250.3,1.5,0.5,0,0,0,NaN,9X,xxe,18,1998080618,wn,
08e.1998,TY,NN,GEORGETTE,100,6.2,6.2,18.5,241.5,1998081100,1998081706,11.0,24.9,233.0,251.1,5.9,6.6,2,0,5,ddRI,9X,xxe,6,1998081106,wn,
09e.1998,STY,NN,HOWARD,130,9.8,9.8,16.1,243.9,1998082006,1998083000,10.5,20.5,226.5,263.5,11.8,17.3,7,1,3,ddED,9X,xxe,18,1998082100,wn,
10e.1998,TY,NN,ISIS,65,3.2,3.2,22.0,250.7,1998083112,1998090318,16.5,28.0,250.0,251.3,2.1,1.6,3,0,1,ddRI,9X,xxe,NaN,NaN,wn,
11e.1998,TS,NN,JAVIER,50,8.2,8.2,19.7,251.0,1998090606,1998091412,17.0,21.1,247.8,254.8,3.1,1.1,0,0,0,NaN,9X,xxe,24,1998090706,wn,
12e.1998,TD,NN,TWELVE,30,2.0,2.0,20.8,250.6,1998100112,1998100312,20.5,21.4,250.0,251.1,0.6,0.0,0,0,0,NaN,9X,xxe,6,1998100118,wn,
13e.1998,TY,NN,KAY,65,4.5,4.5,14.3,240.1,1998101212,1998101700,11.5,16.0,238.4,242.9,2.2,1.3,3,0,2,ddRI,9X,xxe,12,1998101300,wn,
14e.1998,TY,NN,LESTER,100,11.5,11.5,15.2,256.1,1998101500,1998102612,11.3,17.7,244.7,268.3,11.8,14.0,4,0,4,ddRI,9X,xxe,NaN,NaN,wn,
15e.1998,TY,NN,MADELINE,75,4.0,4.0,20.4,252.6,1998101600,1998102000,17.8,23.7,251.5,253.5,3.5,3.2,2,0,2,ddRI,9X,xxe,6,1998101606,wn,
01a.1998,TY,NN,NONAME,70,5.2,7.8,13.7,86.8,1998051300,1998052018,4.0,24.3,80.3,93.8,2.3,1.3,1,0,1,ddRI,9X,xxi,126,1998051806,wn,
02b.1998,TS,NN,NONAME,35,1.8,1.8,13.0,60.1,1998052706,1998052900,11.2,14.3,59.0,61.4,0.7,0.2,0,0,0,NaN,9X,xxi,18,1998052800,wn,
03a.1998,TY,NN,NONAME,105,8.2,8.2,13.8,70.6,1998060106,1998060912,10.6,24.0,67.7,74.7,6.7,7.0,1,0,1,ddRI,9X,xxi,66,1998060400,wn,
04b.1998,TS,NN,NONAME,35,2.2,2.2,18.2,65.7,1998092818,1998100100,17.7,18.4,63.2,67.7,0.8,0.2,0,0,0,NaN,9X,xxi,30,1998093000,wn,
05a.1998,TS,NN,NONAME,35,3.0,3.0,19.0,67.2,1998101500,1998101800,17.0,21.8,62.2,70.7,1.1,0.4,0,0,0,NaN,9X,xxi,24,1998101600,wn,
06b.1998,TY,NN,NONAME,85,3.0,3.0,15.3,85.0,1998111300,1998111600,11.4,22.2,82.1,87.5,2.4,2.3,4,0,0,rrRI,9X,xxi,24,1998111400,wn,
07b.1998,TY,NN,NONAME,75,7.0,7.0,14.3,92.7,1998111600,1998112300,10.1,22.8,87.2,102.3,3.6,2.3,3,0,2,ddRI,9X,xxi,96,1998112000,wn,
08a.1998,TY,NN,NONAME,65,6.0,6.0,14.7,65.1,1998121118,1998121718,10.3,20.4,55.5,71.9,3.8,2.8,0,0,0,NaN,9X,xxi,30,1998121300,wn,
01s.1998,TS,NN,NONAME,45,6.0,6.5,-6.9,75.9,1997071800,1997072412,-9.5,-3.8,71.2,78.7,2.8,1.5,0,0,0,NaN,9X,xxs,54,1997072006,wn,
02p.1998,TS,NN,LUSI,60,5.8,9.0,-11.1,172.6,1997100406,1997101306,-26.0,-4.0,168.9,179.4,3.1,2.0,0,0,0,NaN,9X,xxp,108,1997100818,wn,
03p.1998,TS,NN,NONAME,35,3.2,4.0,-12.4,175.5,1997102406,1997102806,-14.6,-10.5,174.1,177.0,1.0,0.2,0,0,0,NaN,9X,xxp,54,1997102612,wn,
04p.1998,TY,NN,MARTIN,100,7.0,7.0,-12.4,199.8,1997102818,1997110418,-24.7,-7.5,194.5,214.2,6.0,6.5,0,0,2,ddRW,9X,xxp,48,1997103018,wn,
05p.1998,TY,NN,NUTE,70,3.2,5.8,-12.3,166.7,1997111506,1997112100,-20.0,-8.2,159.3,180.0,2.2,1.8,3,0,2,ddRI,9X,xxp,72,1997111806,wn,
06p.1998,TY,NN,OSEA,90,5.5,5.5,-13.5,205.1,1997112118,1997112706,-20.3,-9.2,202.3,210.6,3.9,3.5,1,0,1,ddRI,9X,xxp,42,1997112312,wn,
07p.1998,TY,NN,PAM,65,7.8,8.0,-13.4,196.4,1997120200,1997121000,-23.8,-8.5,192.3,204.2,4.6,3.4,2,0,1,ddRI,9X,xxp,90,1997120518,wn,
08s.1998,TS,NN,SID,40,4.2,4.5,-13.3,134.1,1997122412,1997122900,-18.2,-11.2,129.0,138.3,1.8,0.8,0,0,0,NaN,9X,xxs,36,1997122600,wn,
09s.1998,TY,NN,SELWYN,65,8.0,8.0,-16.0,102.9,1997122518,1998010218,-19.4,-12.0,89.0,111.9,4.5,3.1,3,0,0,rrRI,9X,xxs,30,1997122700,wn,
10p.1998,STY,NN,RON,145,7.5,7.5,-14.7,187.8,1998010112,1998010900,-29.3,-9.5,184.2,193.8,9.9,17.3,9,0,7,ddRI,9X,xxp,12,1998010200,wn,
11p.1998,STY,NN,SUSAN,140,16.8,20.2,-14.1,178.7,1997122012,1998010918,-36.2,-5.3,169.8,192.6,13.3,19.8,7,4,5,ddED,9X,xxp,324,1998010300,wn,
12p.1998,TY,NN,KATRINA,90,30.0,31.8,-15.9,153.4,1998010112,1998020206,-21.9,-12.2,143.6,164.8,22.3,20.9,0,0,1,ddRW,9X,xxp,36,1998010300,wn,
13s.1998,TS,NN,NONAME,35,5.8,5.8,-21.4,38.6,1998011706,1998012300,-26.3,-15.1,35.0,46.1,2.4,1.0,0,0,0,NaN,9X,xxs,18,1998011800,wn,
14p.1998,TS,NN,LES,50,9.0,11.5,-15.7,131.7,1998012118,1998020206,-21.7,-13.9,122.3,143.0,4.0,2.0,0,0,0,NaN,9X,xxp,54,1998012400,wn,
15s.1998,TY,NN,TIFFANY,120,8.8,10.0,-18.4,115.0,1998012212,1998020112,-19.7,-16.6,104.2,125.6,8.0,10.5,5,2,6,ddED,9X,xxs,54,1998012418,wn,
16p.1998,TS,NN,TUI,40,2.2,2.8,-13.5,187.2,1998012418,1998012712,-14.8,-12.4,185.2,188.1,1.0,0.5,0,0,0,NaN,9X,xxp,24,1998012518,wn,
17p.1998,TY,NN,URSULA,65,1.8,1.8,-23.9,224.9,1998013106,1998020200,-28.3,-17.7,216.5,235.5,1.5,1.2,0,0,1,ddRW,9X,xxp,24,1998020106,wn,
18p.1998,TY,NN,VELI,75,3.8,3.8,-18.8,213.2,1998013112,1998020406,-24.6,-11.9,204.3,217.6,2.9,2.5,3,0,0,rrRI,9X,xxp,18,1998020106,wn,
19p.1998,TS,NN,WES,45,4.0,4.0,-14.2,196.7,1998013112,1998020412,-17.0,-11.3,186.2,202.8,2.2,1.3,0,0,0,NaN,9X,xxp,18,1998020106,wn,
20s.1998,TY,NN,ANACELLE,115,8.2,9.0,-17.9,62.5,1998020500,1998021400,-35.2,-12.7,59.2,72.7,7.6,9.1,4,0,5,ddRI,9X,xxs,72,1998020800,wn,
21s.1998,TS,NN,NONAME,35,7.8,9.0,-20.9,42.5,1998020100,1998021000,-29.3,-18.1,35.6,46.1,2.2,0.3,0,0,0,NaN,9X,xxs,198,1998020906,wn,
22s.1998,TY,NN,VICTOR,90,12.5,14.2,-17.2,109.2,1998020418,1998021900,-28.4,-13.1,74.5,135.2,7.6,6.0,3,0,3,ddRI,9X,xxs,126,1998021000,wn,
23s.1998,TS,NN,BELTANE,40,6.0,6.0,-20.7,42.0,1998021218,1998021818,-24.7,-16.8,39.8,43.6,2.3,0.9,0,0,0,NaN,9X,xxs,84,1998021606,wn,
24s.1998,TS,NN,NONAME,45,3.2,3.8,-24.7,65.6,1998021506,1998021900,-30.1,-19.3,62.2,70.6,1.7,1.0,0,0,0,NaN,9X,xxs,30,1998021612,wn,
25p.1998,TS,NN,MAY,35,3.5,4.0,-16.7,138.0,1998022418,1998022818,-18.6,-14.4,134.9,139.0,1.1,0.2,0,0,0,NaN,9X,xxp,18,1998022512,wn,
26s.1998,TS,NN,DONALINE,55,4.2,4.5,-18.0,67.5,1998030418,1998030906,-23.1,-14.1,62.0,72.1,2.2,1.4,0,0,0,NaN,9X,xxs,42,1998030612,wn,
27s.1998,TY,NN,ELSIE,90,9.5,14.0,-16.7,85.0,1998030418,1998031818,-25.7,-9.0,77.2,92.5,5.6,4.5,4,2,0,rrED,9X,xxs,174,1998031200,wn,
28s.1998,TS,NN,FIONA,35,6.0,7.2,-17.2,61.8,1998031312,1998032018,-23.6,-11.0,58.6,65.5,2.1,0.7,0,0,0,NaN,9X,xxs,84,1998031700,wn,
29p.1998,TY,NN,YALI,90,10.5,10.5,-20.0,164.6,1998031706,1998032718,-34.6,-11.1,158.0,169.9,8.0,7.1,2,0,1,ddRI,9X,xxp,30,1998031812,wn,
30p.1998,TY,NN,NATHAN,65,11.5,11.5,-13.7,150.4,1998031912,1998033100,-16.6,-9.8,143.7,158.7,6.9,4.7,0,0,0,NaN,9X,xxp,36,1998032100,wn,
31p.1998,TY,NN,ZUMAN,100,9.0,9.0,-16.2,166.7,1998032806,1998040606,-24.1,-13.5,161.6,172.2,8.1,8.8,5,0,0,rrRI,9X,xxp,42,1998033000,wn,
32s.1998,TY,NN,GEMMA,70,9.0,9.0,-14.4,74.5,1998040606,1998041506,-15.5,-12.6,71.0,77.7,6.1,4.8,0,0,0,NaN,9X,xxs,18,1998040700,wn,
33s.1998,TD,NN,NONAME,30,1.2,1.2,-16.2,75.8,1998040606,1998040712,-16.4,-15.7,74.6,76.8,0.3,0.0,0,0,0,NaN,9X,xxs,18,1998040700,wn,
34s.1998,TS,NN,NONAME,40,5.5,5.5,-11.0,72.2,1998041700,1998042212,-12.4,-9.9,59.6,84.0,2.4,1.1,0,0,0,NaN,9X,xxs,42,1998041818,wn,
35s.1998,TS,NN,NONAME,40,3.5,3.5,-10.7,129.5,1998041600,1998041912,-15.3,-8.4,125.9,135.4,1.2,0.4,0,0,0,NaN,9X,xxs,72,1998041900,wn,
36p.1998,TS,NN,ALAN,45,6.8,6.8,-13.4,203.1,1998042000,1998042618,-16.9,-10.5,199.9,208.7,3.5,2.1,0,0,0,NaN,9X,xxp,54,1998042206,wn,
37p.1998,TS,NN,BART,35,1.8,1.8,-18.9,222.8,1998042918,1998050112,-20.6,-17.5,218.8,225.0,0.8,0.3,0,0,0,NaN,9X,xxp,18,1998043012,wn,
